-- phpMyAdmin SQL Dump
-- version 4.9.0.1
-- https://www.phpmyadmin.net/
--
-- Host: 127.0.0.1
-- Generation Time: Apr 06, 2020 at 05:19 PM
-- Server version: 10.4.6-MariaDB
-- PHP Version: 7.3.9

SET SQL_MODE = "NO_AUTO_VALUE_ON_ZERO";
SET AUTOCOMMIT = 0;
START TRANSACTION;
SET time_zone = "+00:00";


/*!40101 SET @OLD_CHARACTER_SET_CLIENT=@@CHARACTER_SET_CLIENT */;
/*!40101 SET @OLD_CHARACTER_SET_RESULTS=@@CHARACTER_SET_RESULTS */;
/*!40101 SET @OLD_COLLATION_CONNECTION=@@COLLATION_CONNECTION */;
/*!40101 SET NAMES utf8mb4 */;

--
-- Database: `hipaas(1)`
--

-- --------------------------------------------------------

--
-- Table structure for table `courses`
--

CREATE TABLE `courses` (
  `c_id` int(11) NOT NULL,
  `course_name` varchar(100) NOT NULL,
  `T1` varchar(25) NOT NULL,
  `T2` varchar(25) NOT NULL,
  `T3` varchar(25) NOT NULL,
  `course_overview` varchar(400) NOT NULL,
  `enrolled` int(11) NOT NULL,
  `rating_count` int(11) NOT NULL,
  `rating` float NOT NULL
) ENGINE=InnoDB DEFAULT CHARSET=latin1;

--
-- Dumping data for table `courses`
--

INSERT INTO `courses` (`c_id`, `course_name`, `T1`, `T2`, `T3`, `course_overview`, `enrolled`, `rating_count`, `rating`) VALUES
(1, 'Build Responsive Real World Websites with HTML5 and CSS', 'HTML', 'CSS', 'Web Development', 'The easiest way to learn modern web design, HTML5 and CSS step-by-step from scratch. Design AND code a huge project.', 3312, 708, 4),
(2, 'Advanced CSS: Flexbox, Grid, Animations and More!', 'CSS', '', 'Web Development', 'The most advanced and modern CSS course on the internet: master flexbox, CSS Grid, responsive design, and so much more.', 1794, 399, 3.5),
(3, 'Web Design for Beginners: Real World Coding in HTML & CSS', 'HTML', 'CSS', 'Web Development', 'Launch a career as a web designer by learning HTML5, CSS, responsive design  and more!', 772, 199, 4.5),
(4, 'The Complete JavaScript Course 2020: Build Real Projects!', 'JavaScript', 'OOP', 'Web Development', 'Master JavaScript with the most complete course! Projects, challenges ,JavaScript ES6+, OOP, Webpack.', 6104, 1405, 3),
(5, 'JavaScript: Understanding the Weird Parts', 'JavaScript', '', 'Web Development', 'An advanced JavaScript course for everyone! Scope, closures, prototypes, \'this\', build your own framework, and more.', 10, 1, 3.5),
(6, 'Modern JavaScript From The Beginning', 'JavaScript', 'OOP', 'Web Development', 'Learn and build projects with pure JavaScript (No frameworks or libraries)', 1497, 452, 5),
(7, 'Complete Python Bootcamp: Go from zero to hero in Python 3', 'Python', '', 'Machine Learning', 'Learn Python like a Professional! Start from the basics and go all the way to creating your own applications and games!', 22210, 6020, 4),
(8, 'Machine Learning A-Z™: Hands-On Python & R In Data Science', 'Python', 'R', 'Data Science', 'Learn to create Machine Learning Algorithms in Python and R from two Data Science experts. Code templates included.', 918, 171, 5),
(9, 'Python for Data Science and Machine Learning Bootcamp', 'Python', '', 'Machine Learning', 'Learn how to use NumPy, Pandas, Seaborn , Matplotlib , Plotly , Scikit-Learn , Machine Learning, Tensorflow , and more.', 6093, 1289, 4),
(10, 'PHP for Beginners - Become a PHP Master', 'PHP', '', 'Web Development', 'PHP for Beginners: learn everything you need to become a professional PHP developer with practical exercises & projects.', 1467, 287, 3),
(11, 'PHP with Laravel for beginners - Become a Master in Laravel', 'PHP', '', 'Web Development', 'Learn to master Laravel to make advanced applications like the real CMS app we build on this course.', 707, 165, 5),
(12, 'PHP: Object Oriented Programming for beginners + Project', 'PHP', '', 'Web Development', 'PHP : Learn PHP and Take your skills to another level. Make serious money by building awesome applications.', 260, 40, 4),
(13, 'Machine Learning A-Z', 'Python', 'R', 'Machine Learning', 'Learn to create Machine Learning Algorithms in Python and R from two Data Science experts. Code templates included.', 168, 27, 5),
(14, 'Data Science and Deep Learning with Python', 'Python', '', 'Data Science', 'Complete hands-on machine learning tutorial with data science, Tensorflow, artificial intelligence, and neural networks.', 1829, 293, 3),
(15, 'Spark and Python for Big Data with PySpark', 'Python', 'Spark', 'Data Science', 'Learn how to use Spark with Python, including Spark Streaming, Machine Learning, Spark 2.0 DataFrames and more!', 886, 184, 4.5),
(16, 'Building Recommender Systems with Machine Learning and AI', 'Python', 'R', 'Machine Learning', 'Help people discover new products and content with deep learning, neural networks, and machine learning recommendations.', 97, 13, 3.5),
(17, 'Natural Language Processing with Deep Learning in Python', 'Python', 'NLP', 'Data Science', 'Complete guide on deriving and implementing word2vec, GloVe, word embeddings, and sentiment analysis with recursive nets.', 442, 64, 5),
(18, 'Master Computer Vision', 'Python', '', 'Machine Learning', 'Master OpenCV4 like a pro while learning Dlib, Deep Learning Computer Vision (Keras, TensorFlow & Caffe) + 21 Projects!', 283, 50, 3.5),
(19, 'SQL - MySQL for Data Analytics and Business Intelligence', 'SQL', '', 'Data Science', 'SQL that will get you hired – SQL for Business Analysis, Marketing, and Data Management.', 1240, 308, 5),
(20, 'R Programming A-Z™: R For Data Science With Real Exercises!', 'R', '', 'Data Science', 'Learn Programming In R And R Studio. Data Analytics, Data Science, Statistical Analysis, Packages, Functions, GGPlot2.', 2581, 571, 4),
(21, 'Statistics for Data Analysis Using R', 'R', '', 'Data Science', 'Learn Programming in R & R Studio, Descriptive, Inferential Statistics, Plots for Data Visualization, Data Science.', 83, 16, 3),
(22, 'Tableau 10 A-Z: Hands-On Tableau Training For Data Science!', 'Tableau', '', 'Data Science', 'Learn Tableau 10 for Data Science step-by-step. Real-Life Data Analytics Exercises & Quizzes Included. Learn by doing!', 146, 41, 4),
(23, 'Deep Learning and NLP A-Z™: How to create a ChatBot', 'R', 'Python', 'Machine Learning', 'Learn the Theory and How to implement state of the art Deep Natural Language Processing models in Tensorflow and Python.', 270, 41, 4.5),
(24, 'The Python Mega Course: Build 10 Real World Applications', 'Python', '', 'Machine Learning', 'A complete Python course for both beginners and intermediates! Master Python 3 by making 10 amazing Python apps.', 3174, 649, 4),
(25, 'Automate the Boring Stuff with Python Programming', 'Python', '', 'Machine Learning', 'A practical programming course for office workers, academics, and administrators who want to improve their productivity.', 3890, 431, 3.5),
(28, 'Java Programming Masterclass for Software Developers', 'Java', '', 'Android', 'Learn Java In This Course And Become a Computer Programmer. Obtain valuable Core Java Skills And Java Certification.', 9646, 2287, 5),
(29, 'Selenium WebDriver with Java -Basics to Advanced+Frameworks', 'Java', '', 'Android', '\"TOP RATED (BEST SELLER) #1 Master SELENIUM java course\" -3 Million students learning worldWide with great collaboration.', 492, 61, 5),
(30, 'The Complete Android & Java Developer Course - Build 21 Apps', 'Java', 'Android Studio', 'Android', 'Learn Android Development, Java & Android Studio from Scratch in 5 Weeks. Build a Diary App & more.', 530, 90, 4.5),
(31, 'The Complete Android N Developer Course', 'Java', 'Android Studio', 'Android', 'Learn Android App Development with Android 7 Nougat by building real apps including Uber, Whatsapp and Instagram!', 2384, 434, 4),
(32, 'The Complete Android Oreo Developer Course - Build 23 Apps!', 'Java', 'Android Studio', 'Android ', 'Learn Android O App Development using Java & Kotlin - build real apps including Super Mario Run, Whatsapp and Instagram!', 750, 146, 2),
(33, 'Android Java Masterclass - Become an App Developer', 'Java', 'Android Studio', 'Android ', 'Improve your career options by learning Android app Development. Master Android Studio and build your first app today.', 722, 110, 3.5),
(34, 'The Complete Android & Java Developer Course - Build 21 Apps', 'Java', 'Android Studio', 'Android ', 'Learn Android Development, Java & Android Studio from Scratch in 5 Weeks. Build a Diary App & more.', 530, 90, 2.5),
(35, 'The Complete React Native + Hooks Course [2019 Edition]', 'ReactNative', '', 'Android ', 'Understand React Native with Hooks, Context, and React Navigation.', 2907, 777, 5),
(36, 'React Native - The Practical Guide 2020', 'JavaScript', 'ReactNative', 'Android ', 'Use React Native and your React knowledge and take your web development skills to build native iOS and Android Apps.', 1085, 183, 4),
(37, 'Using Python to Access Web Data', 'HTML', 'Python', 'Data Science', 'This course will show how one can treat the Internet as a source of data. We will scrape, parse, and read web data as well as access data using web APIs.', 2381, 224, 5),
(38, 'Applied Text Mining in Python', 'Python', '', 'Machine Learning', 'This course will introduce the learner to text mining and text manipulation basics.', 229, 8, 5),
(39, 'Mathematics for Machine Learning Specialization', 'Python', '', 'Machine Learning', 'Learn about the prerequisite mathematics for applications in data science and machine learning.', 470, 21, 5),
(40, 'Data Structures', 'C++', 'Java', 'Android ', 'You will learn how these data structures are implemented in different programming languages and will practice implementing them in our programming assignments.', 247, 6, 5),
(41, 'Object Oriented Programming in Java Specialization', 'Java', '', 'Android ', 'This Specialization is for aspiring software developers with some programming experience in at least one other programming language to be able to solve more complex problems through objected-oriented design with Java.', 382, 9, 4),
(42, 'Neural Networks and Deep Learning', 'Python', '', 'Data Science', 'Deep learning is also a new superpower that will let you build AI systems that just weren\'t possible a few years ago.', 2047, 30, 4.5),
(43, 'IBM Data Science Professional Certification', 'Python', '\n', 'Data Science', 'Kickstart your Career in Data Science & ML. Master data science, learn Python & SQL, analyze & visualize data, build machine learning models.', 1921, 26, 5),
(44, 'Applied Machine Learning in Python', 'Python', '', 'Machine Learning', 'This course will introduce the learner to applied machine learning, focusing more on the techniques and methods than on the statistics behind these methods.', 28875, 1295, 4),
(45, 'Applied Data Science with Python Specialization', 'Python', '\n', 'Data Science', 'Gain new insights into your data . Learn to apply data science methods and techniques, and acquire analysis skills.', 1649, 11, 3),
(46, 'Python for Everybody Specialization', 'Python', '', 'Machine Learning', 'Learn to Program and Analyze Data with Python. Develop programs to gather, clean, analyze, and visualize data.', 11641, 570, 5),
(49, 'Clinical Natural Language Processing', 'Python', '', 'Data Science', 'This course teaches you the fundamentals of clinical natural language processing (NLP). In this course you will learn the basic linguistic principals underlying NLP, as well as how to write regular expressions and handle text data in R.', 2251, 67, 5),
(50, 'Creating Dashboards and Storytelling with Tableau', 'Tableau', '', 'Data Science', 'Throughout the course you will apply more advanced functions within Tableau, such as hierarchies, actions and parameters to guide user interactions.', 4946, 171, 4.5),
(51, 'Running a Mobile App Dev Business: The Complete Guide', 'Java', 'XML', 'Android', 'Learn how to start and grow a mobile app development business. Get up & running in less than 1 week.', 53023, 2061, 3.5),
(52, 'Android App Development: Mobile App Development & Java', 'Java', '\n', 'Android', 'You\'ll create a real world social networking application! All of Android\'s core concepts in a production level project!', 20263, 354, 5),
(53, 'Android App Development Specialization', 'Java', '\n', 'Android', 'Launch Your Android App Development Career. Master the knowledge and skills necessary to develop maintainable mobile computing apps.', 3967, 82, 4),
(54, 'CSS - The Complete Guide 2020 (incl. Flexbox, Grid & Sass)', 'CSS', '', 'Web Development', 'Learn CSS for the first time or brush up your CSS skills and dive in even deeper. Every web developer has to know CSS.', 579, 108, 5),
(55, 'Modern HTML & CSS From The Beginning (Including Sass)', 'HTML', 'CSS', 'Web Development', 'Build modern responsive websites & UIs with HTML5, CSS!', 793, 205, 5),
(56, 'Build Websites from Scratch with HTML', 'HTML', '', 'Web Development', 'Learn Web Development Essentials and Become a Web Developer From Scratch in this Complete HTML  Beginner\'s Course.', 457, 35, 4),
(57, 'The Modern JavaScript Bootcamp', 'JavaScript', '', 'Web Development', 'Learn JavaScript by building real-world apps. Includes 3 real-world projects, 80 programming challenges, and ES6/ES7!', 756, 185, 4),
(58, 'Javascript: The Complete Developer\'s Guide', 'JavaScript', '', 'Web Development', 'ES6 Javascript Development from scratch. Get practice with live examples and learn exactly where to apply ES6 features.', 885, 225, 5),
(59, 'JavaScript - The Complete Guide 2020 (Beginner + Advanced)', 'JavaScript', '\n', 'Web Development', 'Modern JavaScript from the beginning - all the way up to JS expert level! THE must-have JavaScript resource in 2020.', 301, 40, 4),
(60, 'Learning Python for Data Analysis and Visualization', 'Python', '\n', 'Machine Learning', 'Learn python and how to use it to analyze,visualize and present data. Includes tons of sample code and hours of video!', 1260, 114, 5),
(61, 'Learn Python Programming Masterclass', 'Python', '\n', 'Machine Learning', 'This Python For Beginners Course Teaches You The Python Language Fast. Includes Python Online Training With Python 3.', 3284, 711, 4),
(62, 'Learn PHP Programming From Scratch', 'PHP', '', 'Web Development', 'Learn  PHP programming completely.', 89, 3, 3),
(63, 'Build a Social Network from Scratch: JavaScript PHP + MySQL', 'JavaScript', 'PHP', 'Web Development', 'Learn JavaScript, PHP and MySQL by building the ultimate social network website from scratch! The complete guide!', 185, 39, 5),
(64, 'XML and XML Schema Definition in Easy Steps', 'XML', '', 'Android', 'Learn,Design and Practice XML and XML Schema creation from scratch in simple steps.', 20263, 354, 4),
(65, 'The Complete React Developer Course', 'ReactNative', '', 'Web Development', 'Learn React completely.This course was updated to support React v16, React Hooks, the Context API.', 3967, 82, 3.5),
(66, 'Build Websites from Scratch with CSS', 'CSS', '', 'Web Development', 'Learn Web Development Essentials and Become a Web Developer From Scratch in this Complete CSS Beginner\'s Course.', 579, 108, 2),
(67, 'Introduction to Javascript', 'JavaScript', '', 'Web Development', 'An advanced JavaScript course for everyone! Scope, closures, prototypes, \'this\', build your own framework, and more.', 793, 205, 5),
(68, 'Accelerated JavaScript Training', 'JavaScript', '', 'Web Development', 'Take a deep dive into JavaScript, a Must-Know Language in Web Development, with a Hands-on, Example-driven Approach.', 457, 35, 5),
(69, 'Step-by-step HTML for Absolute Beginners', 'HTML', '', 'Web Development', 'Learn how to code HTML5 to create your own website in this beginner-level course.', 756, 185, 5),
(70, 'Complete CSS Course: Beginning to Advanced', 'CSS', '', 'Web Development', 'Learn CSS from Scratch using step by step process.', 885, 225, 5),
(71, 'Create Websites with HTML & CSS for Beginners', 'HTML5', 'CSS', 'Web Development', 'Learn Web Development by Building Websites with HTML5 and CSS from Scratch!', 301, 40, 4),
(72, 'The Complete SQL Bootcamp', 'SQL', '', 'Android', 'Become an expert at SQL!', 1260, 114, 4),
(73, 'Learn XML Crash Course: Discover Essential XML Fundamentals', 'XML', '', 'Android', 'Jump into the world of XML with this fast and immersive course.', 3284, 711, 5);

-- --------------------------------------------------------

--
-- Table structure for table `course_enrolled`
--

CREATE TABLE `course_enrolled` (
  `c_id` int(11) NOT NULL,
  `u_id` int(11) NOT NULL,
  `course_name` varchar(100) NOT NULL,
  `rating` float NOT NULL,
  `feedback` varchar(500) NOT NULL,
  `status` char(20) NOT NULL
) ENGINE=InnoDB DEFAULT CHARSET=latin1;

--
-- Dumping data for table `course_enrolled`
--

INSERT INTO `course_enrolled` (`c_id`, `u_id`, `course_name`, `rating`, `feedback`, `status`) VALUES
(1, 5, 'Build Responsive Real World Websites with HTML5 and CSS', 4.5, 'Very structured approach. Thank you for sharing with me.', 'Completed'),
(1, 6, 'Build Responsive Real World Websites with HTML5 and CSS', 2, 'Videos that are presented in French could\'ve been translated to English.', 'Completed'),
(1, 49, 'Build Responsive Real World Websites with HTML5 and CSS', 4.5, 'Great course!', 'Completed'),
(1, 81, 'Build Responsive Real World Websites with HTML5 and CSS', 4.4, 'The best course for beginners.', 'Completed'),
(1, 83, 'Build Responsive Real World Websites with HTML5 and CSS', 4.5, 'very interesting', 'Completed'),
(1, 121, 'Build Responsive Real World Websites with HTML5 and CSS', 4, 'Excellent course, could do with a little more visual references. ', 'Completed'),
(1, 154, 'Build Responsive Real World Websites with HTML5 and CSS', 4, 'Very structured approach. Thank you for sharing with me.', 'Completed'),
(1, 159, 'Build Responsive Real World Websites with HTML5 and CSS', 4.5, 'I found this course was very interesting and a great learning tool and I am glad I would recommend this course to people.', 'Completed'),
(2, 5, 'Advanced CSS: Flexbox, Grid, Animations and More!', 1.5, 'This course does not usefull for me.', 'Completed'),
(2, 19, 'Advanced CSS: Flexbox, Grid, Animations and More!', 3.5, 'it could be easily compressed in a two-weeks course.Sometimes too long for what they need to explain.', 'Completed'),
(2, 45, 'Advanced CSS: Flexbox, Grid, Animations and More!', 4, 'perfect course', 'Completed'),
(2, 124, 'Advanced CSS: Flexbox, Grid, Animations and More!', 4, 'Great intro! The videos were fantastic and instructors very engaging.', 'Completed'),
(3, 6, 'Web Design for Beginners: Real World Coding in HTML & CSS', 3, 'The course content is quite good, though it could have been deeper in some areas.', 'Completed'),
(3, 20, 'Web Design for Beginners: Real World Coding in HTML & CSS', 2, 'This session was too long and a little boring. Could be shorter with the related contents.', 'Completed'),
(3, 45, 'Web Design for Beginners: Real World Coding in HTML & CSS', 3, 'Amazing! Very interactive, engaging and comprehensive.', 'Completed'),
(3, 46, 'Web Design for Beginners: Real World Coding in HTML & CSS', 4.5, 'Great content. Thanks for the great work.', 'Completed'),
(3, 48, 'Web Design for Beginners: Real World Coding in HTML & CSS', 4.5, 'Its a nice brief introduction of technology.', 'Completed'),
(3, 50, 'Web Design for Beginners: Real World Coding in HTML & CSS', 4.5, 'A good video', 'Completed'),
(3, 85, 'Web Design for Beginners: Real World Coding in HTML & CSS', 4.5, 'a very good overview that makes you long for', 'Completed'),
(3, 86, 'Web Design for Beginners: Real World Coding in HTML & CSS', 5, 'Thank you for this course, very good course.', 'Completed'),
(3, 87, 'Web Design for Beginners: Real World Coding in HTML & CSS', 1, 'It was a horrible experience.I did not like the course.', 'Completed'),
(3, 121, 'Web Design for Beginners: Real World Coding in HTML & CSS', 4, 'A very complete course, very interesting!', 'Completed'),
(3, 154, 'Web Design for Beginners: Real World Coding in HTML & CSS', 4, 'Very relevant and useful course designed.', 'Completed'),
(3, 159, 'Web Design for Beginners: Real World Coding in HTML & CSS', 5, 'Excellent course. I completely enjoyed it. Thank you Sagar and team.', 'Completed'),
(3, 282, 'Web Design for Beginners: Real World Coding in HTML & CSS', 4, 'Tutor does an excellent job explaining things at depth and at the same time keeping things interesting.And there is a wealth of advanced/optional material for the curious.', 'Completed'),
(3, 287, 'Web Design for Beginners: Real World Coding in HTML & CSS', 4, 'I am really satisfied by the course .....just love the lecture and slides too :) .....', 'Completed'),
(3, 288, 'Web Design for Beginners: Real World Coding in HTML & CSS', 5, 'The course is well-structured, clear and coherent. The assessments are quite good too. Recommend it!', 'Completed'),
(3, 293, 'Web Design for Beginners: Real World Coding in HTML & CSS', 4.5, 'The material was good.', 'Completed'),
(3, 294, 'Web Design for Beginners: Real World Coding in HTML & CSS', 2, 'It was a horrible experience.I did not like the course.', 'Completed'),
(3, 299, 'Web Design for Beginners: Real World Coding in HTML & CSS', 3.5, 'Many of the weeks\' videos were out of order.', 'Completed'),
(3, 300, 'Web Design for Beginners: Real World Coding in HTML & CSS', 5, 'The course is very well organised and presented.', 'Completed'),
(3, 305, 'Web Design for Beginners: Real World Coding in HTML & CSS', 4, 'This whole course is so knowledge-giving.This course helps me to achieve my goal.', 'Completed'),
(3, 306, 'Web Design for Beginners: Real World Coding in HTML & CSS', 3.5, 'Many of the weeks\' videos were out of order.', 'Completed'),
(3, 312, 'Web Design for Beginners: Real World Coding in HTML & CSS', 4.5, 'I love the way this professor talk about events. I learned so much.', 'Completed'),
(3, 313, 'Web Design for Beginners: Real World Coding in HTML & CSS', 4.5, 'The material was good.', 'Completed'),
(3, 318, 'Web Design for Beginners: Real World Coding in HTML & CSS', 4, 'This whole course is so knowledge-giving.This course helps me to achieve my goal.', 'Completed'),
(3, 320, 'Web Design for Beginners: Real World Coding in HTML & CSS', 4.4, 'Great Course!', 'Completed'),
(3, 325, 'Web Design for Beginners: Real World Coding in HTML & CSS', 4.5, 'Very informative and interesting!', 'Completed'),
(3, 326, 'Web Design for Beginners: Real World Coding in HTML & CSS', 3.5, 'Very much to the point, good course!', 'Completed'),
(3, 332, 'Web Design for Beginners: Real World Coding in HTML & CSS', 2, 'It was a horrible experience.I did not like the course.', 'Completed'),
(3, 333, 'Web Design for Beginners: Real World Coding in HTML & CSS', 3, 'very easy to follow', 'Completed'),
(3, 337, 'Web Design for Beginners: Real World Coding in HTML & CSS', 5, 'Very Interesting course that covers a huge range of topics over a long period of time. A very well informed lecturer who can speak about the subject matter in a clear and concise manner.', 'Completed'),
(3, 339, 'Web Design for Beginners: Real World Coding in HTML & CSS', 5, 'Some great material and I learned a lot. ', 'Completed'),
(3, 344, 'Web Design for Beginners: Real World Coding in HTML & CSS', 3.5, 'Very much to the point, good course!', 'Completed'),
(3, 350, 'Web Design for Beginners: Real World Coding in HTML & CSS', 4.5, 'The material was good.', 'Completed'),
(3, 353, 'Web Design for Beginners: Real World Coding in HTML & CSS', 5, 'Very Interesting course that covers a huge range of topics over a long period of time. A very well informed lecturer who can speak about the subject matter in a clear and concise manner.', 'Completed'),
(3, 357, 'Web Design for Beginners: Real World Coding in HTML & CSS', 5, 'Very Interesting course that covers a huge range of topics over a long period of time. A very well informed lecturer who can speak about the subject matter in a clear and concise manner.', 'Completed'),
(3, 362, 'Web Design for Beginners: Real World Coding in HTML & CSS', 4, 'Interesting and informative! Professor is the best!', 'Completed'),
(3, 365, 'Web Design for Beginners: Real World Coding in HTML & CSS', 4, 'Great course! Excellent professor', 'Completed'),
(3, 369, 'Web Design for Beginners: Real World Coding in HTML & CSS', 2, 'It was a horrible experience.I did not like the course.', 'Completed'),
(3, 373, 'Web Design for Beginners: Real World Coding in HTML & CSS', 3.5, 'Another great course. Thanks a lot!!', 'Completed'),
(3, 380, 'Web Design for Beginners: Real World Coding in HTML & CSS', 5, 'excellent course, a must for all CS students or any one else who is interested in programming', 'Completed'),
(3, 387, 'Web Design for Beginners: Real World Coding in HTML & CSS', 4, 'Thank you very much.', 'Completed'),
(3, 394, 'Web Design for Beginners: Real World Coding in HTML & CSS', 4, 'This is perfect course. ', 'Completed'),
(3, 400, 'Web Design for Beginners: Real World Coding in HTML & CSS', 5, 'Very detailed and good explanations.', 'Completed'),
(3, 407, 'Web Design for Beginners: Real World Coding in HTML & CSS', 5, 'I really enjoyed this course.', 'Completed'),
(4, 6, 'The Complete JavaScript Course 2020: Build Real Projects!', 4, 'Great word.', 'Completed'),
(4, 45, 'The Complete JavaScript Course 2020: Build Real Projects!', 5, 'Excellent', 'Completed'),
(4, 87, 'The Complete JavaScript Course 2020: Build Real Projects!', 4, 'The course was great, the material is excelent, the assignements interesting and challenging. I really liked this course and am getting ready for the next one on the series.', 'Completed'),
(4, 121, 'The Complete JavaScript Course 2020: Build Real Projects!', 5, 'Great review on course.', 'Completed'),
(4, 132, 'The Complete JavaScript Course 2020: Build Real Projects!', 4.5, 'Excelent! Lots of information and really interesting ', 'Completed'),
(5, 5, 'JavaScript: Understanding the Weird Parts', 3.5, 'All good content.', 'Completed'),
(5, 19, 'JavaScript: Understanding the Weird Parts', 3.5, 'good introduction.', 'Completed'),
(5, 20, 'JavaScript: Understanding the Weird Parts', 4, 'more example on related topics please.', 'Completed'),
(5, 48, 'JavaScript: Understanding the Weird Parts', 4.4, 'Very good and helpful video', 'Completed'),
(5, 49, 'JavaScript: Understanding the Weird Parts', 4, 'it\'s a very good an easy to understand ', 'Completed'),
(5, 81, 'JavaScript: Understanding the Weird Parts', 4.5, 'Thank you for this course, very good course.', 'Completed'),
(5, 83, 'JavaScript: Understanding the Weird Parts', 3, 'weeks 1,2 and 3 were not satisfactory according to me. the video lectures were difficult to comprehend. week 4 was very good.', 'Completed'),
(5, 85, 'JavaScript: Understanding the Weird Parts', 5, 'Thank you for this course, very good course.', 'Completed'),
(5, 121, 'JavaScript: Understanding the Weird Parts', 4.5, 'Great course!', 'Completed'),
(5, 132, 'JavaScript: Understanding the Weird Parts', 5, 'Wow ! Learning is so easy here, bring your innovation to reality , please join this course , Highly recommended !!!!', 'Completed'),
(5, 154, 'JavaScript: Understanding the Weird Parts', 4.5, 'Super content. I\'ll definitely re-do the course', 'Completed'),
(6, 46, 'Modern JavaScript From The Beginning', 4, 'Great course!', 'Completed'),
(6, 50, 'Modern JavaScript From The Beginning', 4, 'It helps you to understand what is the current scope of this technology and how you can start.', 'Completed'),
(6, 86, 'Modern JavaScript From The Beginning', 4, 'Good information but way too short for what Hipaas charges.', 'Completed'),
(6, 132, 'Modern JavaScript From The Beginning', 4.5, 'great course!', 'Completed'),
(7, 3, 'Complete Python Bootcamp: Go from zero to hero in Python 3', 1, 'I was disappointed because my concept is not cleared by this course', 'Completed'),
(7, 28, 'Complete Python Bootcamp: Go from zero to hero in Python 3', 4.5, 'unsatisfied course.', 'Completed'),
(7, 66, 'Complete Python Bootcamp: Go from zero to hero in Python 3', 5, 'Great course!', 'Completed'),
(7, 71, 'Complete Python Bootcamp: Go from zero to hero in Python 3', 4.5, 'Very interesting course!', 'Completed'),
(7, 112, 'Complete Python Bootcamp: Go from zero to hero in Python 3', 5, 'very interesting', 'Completed'),
(7, 116, 'Complete Python Bootcamp: Go from zero to hero in Python 3', 3.5, 'it could be easily compressed in a two-weeks course.Sometimes too long for what they need to explain.', 'Completed'),
(7, 120, 'Complete Python Bootcamp: Go from zero to hero in Python 3', 4.5, 'Very good in-depth ', 'Completed'),
(7, 144, 'Complete Python Bootcamp: Go from zero to hero in Python 3', 5, 'Do not hesitate to enroll, it\'s a brain storming course & I like the way of the teaching here!', 'Completed'),
(7, 149, 'Complete Python Bootcamp: Go from zero to hero in Python 3', 4, 'a very good overview that makes you long for', 'Completed'),
(7, 181, 'Complete Python Bootcamp: Go from zero to hero in Python 3', 3, 'weeks 1,2 and 3 were not satisfactory according to me. the video lectures were difficult to comprehend. week 4 was very good.', 'Completed'),
(7, 200, 'Complete Python Bootcamp: Go from zero to hero in Python 3', 2, 'Good content, but the course setting does (at least for me) not allow learn the content long term due to missing reading material.', 'Completed'),
(7, 207, 'Complete Python Bootcamp: Go from zero to hero in Python 3', 3.5, 'Great introduction', 'Completed'),
(7, 215, 'Complete Python Bootcamp: Go from zero to hero in Python 3', 5, 'Thank you for this course, very good course.', 'Completed'),
(7, 228, 'Complete Python Bootcamp: Go from zero to hero in Python 3', 3, 'very easy to follow', 'Completed'),
(7, 229, 'Complete Python Bootcamp: Go from zero to hero in Python 3', 3, 'very easy to follow', 'Completed'),
(7, 232, 'Complete Python Bootcamp: Go from zero to hero in Python 3', 3, 'very easy to follow', 'Completed'),
(7, 233, 'Complete Python Bootcamp: Go from zero to hero in Python 3', 5, 'This whole course is so knowledge-giving.This course helps me to achieve my goal.', 'Completed'),
(7, 244, 'Complete Python Bootcamp: Go from zero to hero in Python 3', 5, 'Nice course and exams problems. I recommend this course if you understand the basics of python', 'Completed'),
(7, 250, 'Complete Python Bootcamp: Go from zero to hero in Python 3', 2, 'This course doesn\'t contain any new information. It does not teach you but just excitedly shows commonly known facts.There are better ways to invest your time.', 'Completed'),
(7, 266, 'Complete Python Bootcamp: Go from zero to hero in Python 3', 3.5, 'The course was great, the material is excelent, the assignements interesting and challenging. I really liked this course and am getting ready for the next one on the series.', 'Completed'),
(7, 270, 'Complete Python Bootcamp: Go from zero to hero in Python 3', 5, 'I love how clear the videos (and notes) are and re-watching them really helped a lot!', 'Completed'),
(7, 272, 'Complete Python Bootcamp: Go from zero to hero in Python 3', 2.5, 'The tutorials is not for average students, it takes a very high skill to understand them.', 'Completed'),
(7, 474, 'Complete Python Bootcamp: Go from zero to hero in Python 3', 4, 'Excellent course.', 'Completed'),
(7, 477, 'Complete Python Bootcamp: Go from zero to hero in Python 3', 4, 'Great course! Very informative!', 'Completed'),
(7, 481, 'Complete Python Bootcamp: Go from zero to hero in Python 3', 5, 'Course is good for getting started with Data Analytics!', 'Completed'),
(7, 495, 'Complete Python Bootcamp: Go from zero to hero in Python 3', 5, 'Great course! Very informative!', 'Completed'),
(7, 498, 'Complete Python Bootcamp: Go from zero to hero in Python 3', 4.5, 'great course to learn basic algorithm as well as understand the logic and reason behind them', 'Completed'),
(7, 500, 'Complete Python Bootcamp: Go from zero to hero in Python 3', 4, 'The contents are extremely useful, and the lecture is clear. The programming assignments are challenging.', 'Completed'),
(7, 502, 'Complete Python Bootcamp: Go from zero to hero in Python 3', 3.5, 'Very applicable algorithms course!', 'Completed'),
(7, 504, 'Complete Python Bootcamp: Go from zero to hero in Python 3', 5, 'very helpful', 'Completed'),
(7, 506, 'Complete Python Bootcamp: Go from zero to hero in Python 3', 3.5, 'Pretty good course.', 'Completed'),
(7, 509, 'Complete Python Bootcamp: Go from zero to hero in Python 3', 5, 'Very detailed and good explanations.', 'Completed'),
(7, 512, 'Complete Python Bootcamp: Go from zero to hero in Python 3', 5, 'Great!', 'Completed'),
(7, 514, 'Complete Python Bootcamp: Go from zero to hero in Python 3', 5, 'I can learn why we should code like that and the method to solve the problem', 'Completed'),
(7, 518, 'Complete Python Bootcamp: Go from zero to hero in Python 3', 3, 'Wonderful course !!!! describing efficient basic Algorithms.', 'Completed'),
(7, 520, 'Complete Python Bootcamp: Go from zero to hero in Python 3', 4.5, 'It is very important course.', 'Completed'),
(7, 522, 'Complete Python Bootcamp: Go from zero to hero in Python 3', 4, 'Exceptional Course!', 'Completed'),
(7, 525, 'Complete Python Bootcamp: Go from zero to hero in Python 3', 3, 'great.hope i will continue to learn untill the end.', 'Completed'),
(7, 526, 'Complete Python Bootcamp: Go from zero to hero in Python 3', 5, 'Absolutely 5 stars!', 'Completed'),
(7, 529, 'Complete Python Bootcamp: Go from zero to hero in Python 3', 4, 'Amazing experience. Well structured course with a lot of interesting information.', 'Completed'),
(7, 533, 'Complete Python Bootcamp: Go from zero to hero in Python 3', 5, 'Great course! Very informative!', 'Completed'),
(7, 534, 'Complete Python Bootcamp: Go from zero to hero in Python 3', 5, 'Great course!', 'Completed'),
(7, 542, 'Complete Python Bootcamp: Go from zero to hero in Python 3', 4, 'Good course and assignements(make you think). I liked it.', 'Completed'),
(7, 553, 'Complete Python Bootcamp: Go from zero to hero in Python 3', 5, 'Great course! Very informative!', 'Completed'),
(7, 568, 'Complete Python Bootcamp: Go from zero to hero in Python 3', 5, 'Great course! Very informative!', 'Completed'),
(8, 1, 'Machine Learning A-Z™: Hands-On Python & R In Data Science', 3.5, 'This course is very helpful to me. Currently, I\'m still learning this course which makes up a lot of basic knowledge.', 'Completed'),
(8, 2, 'Machine Learning A-Z™: Hands-On Python & R In Data Science', 3.5, 'Really nice teacher!I could got the point eazliy', 'Completed'),
(8, 27, 'Machine Learning A-Z™: Hands-On Python & R In Data Science', 4.5, 'good introduction!!!', 'Completed'),
(8, 63, 'Machine Learning A-Z™: Hands-On Python & R In Data Science', 4, 'It should be less repetitive and full of useful informations about applications.', 'Completed'),
(8, 70, 'Machine Learning A-Z™: Hands-On Python & R In Data Science', 4.5, 'Great course. Can\'t wait for the next one to start', 'Completed'),
(8, 72, 'Machine Learning A-Z™: Hands-On Python & R In Data Science', 4.5, 'Very nice introduction! I love it!', 'Completed'),
(8, 88, 'Machine Learning A-Z™: Hands-On Python & R In Data Science', 4, 'The tutorials is not for average students, it takes a very high skill to understand them.', 'Completed'),
(8, 110, 'Machine Learning A-Z™: Hands-On Python & R In Data Science', 5, 'basic things are cleared.', 'Completed'),
(8, 117, 'Machine Learning A-Z™: Hands-On Python & R In Data Science', 5, 'good overview what you can do with this amazing technology.', 'Completed'),
(8, 134, 'Machine Learning A-Z™: Hands-On Python & R In Data Science', 5, 'greatly explained by you thanks.', 'Completed'),
(8, 142, 'Machine Learning A-Z™: Hands-On Python & R In Data Science', 2.5, 'It\'s mostly very basic stuff, but even then it introduced me to concepts I wasn\'t aware of.', 'Completed'),
(8, 148, 'Machine Learning A-Z™: Hands-On Python & R In Data Science', 4, 'Great course!', 'Completed'),
(8, 150, 'Machine Learning A-Z™: Hands-On Python & R In Data Science', 4, 'Simply very interesting.', 'Completed'),
(8, 160, 'Machine Learning A-Z™: Hands-On Python & R In Data Science', 1, 'This course doesn\'t contain any new information. It does not teach you but just excitedly shows commonly known facts.There are better ways to invest your time.', 'Completed'),
(8, 162, 'Machine Learning A-Z™: Hands-On Python & R In Data Science', 4, 'Great information and videos. Ready for the next step.', 'Completed'),
(8, 172, 'Machine Learning A-Z™: Hands-On Python & R In Data Science', 4, 'good introduction.', 'Completed'),
(8, 180, 'Machine Learning A-Z™: Hands-On Python & R In Data Science', 4.5, 'a very good overview that makes you long for', 'Completed'),
(8, 183, 'Machine Learning A-Z™: Hands-On Python & R In Data Science', 5, 'Thank you for this course, very good course.', 'Completed'),
(8, 185, 'Machine Learning A-Z™: Hands-On Python & R In Data Science', 4, 'The course was great, the material is excelent, the assignements interesting and challenging. I really liked this course and am getting ready for the next one on the series.', 'Completed'),
(8, 195, 'Machine Learning A-Z™: Hands-On Python & R In Data Science', 5, 'Excellent course. Good classes, easy to follow, updated content, high quality videos.', 'Completed'),
(8, 197, 'Machine Learning A-Z™: Hands-On Python & R In Data Science', 4, 'Very good inspirational examples.', 'Completed'),
(8, 198, 'Machine Learning A-Z™: Hands-On Python & R In Data Science', 4, 'Great course. It provided a great degree of knowledge about applications and the design process.', 'Completed'),
(8, 201, 'Machine Learning A-Z™: Hands-On Python & R In Data Science', 3, 'This course doesn\'t contain any new information.', 'Completed'),
(8, 202, 'Machine Learning A-Z™: Hands-On Python & R In Data Science', 5, 'Excellently framed course', 'Completed'),
(8, 205, 'Machine Learning A-Z™: Hands-On Python & R In Data Science', 4, 'Nice introduction for absolute beginners. Very interesting interviews entrepreneurs.', 'Completed'),
(8, 206, 'Machine Learning A-Z™: Hands-On Python & R In Data Science', 4, 'It\'s mostly very basic stuff, but even then it introduced me to concepts I wasn\'t aware of.', 'Completed'),
(8, 208, 'Machine Learning A-Z™: Hands-On Python & R In Data Science', 5, 'Eye and mind opening course.', 'Completed'),
(8, 210, 'Machine Learning A-Z™: Hands-On Python & R In Data Science', 5, 'It\'s fantastic', 'Completed'),
(8, 212, 'Machine Learning A-Z™: Hands-On Python & R In Data Science', 5, 'Great course!', 'Completed'),
(8, 216, 'Machine Learning A-Z™: Hands-On Python & R In Data Science', 4, 'a very good overview that makes you long for', 'Completed'),
(8, 219, 'Machine Learning A-Z™: Hands-On Python & R In Data Science', 5, 'Great course - I recommend it for all.', 'Completed'),
(8, 225, 'Machine Learning A-Z™: Hands-On Python & R In Data Science', 3.5, 'Great course! Excellent professor.', 'Completed'),
(8, 226, 'Machine Learning A-Z™: Hands-On Python & R In Data Science', 5, 'The professor is very comfortable lecturing in front of a camera, which makes it quite easy to follow the lectures and what he is explaining.', 'Completed'),
(8, 228, 'Machine Learning A-Z™: Hands-On Python & R In Data Science', 2, 'This course doesn\'t contain any new information. It does not teach you but just excitedly shows commonly known facts.There are better ways to invest your time.', 'Completed'),
(8, 253, 'Machine Learning A-Z™: Hands-On Python & R In Data Science', 3.5, 'Great course! Excellent professor.', 'Completed'),
(8, 474, 'Machine Learning A-Z™: Hands-On Python & R In Data Science', 3.5, 'Good content.', 'Completed'),
(8, 476, 'Machine Learning A-Z™: Hands-On Python & R In Data Science', 5, 'Very Educative.', 'Completed'),
(8, 477, 'Machine Learning A-Z™: Hands-On Python & R In Data Science', 4, 'Very helpful.', 'Completed'),
(8, 482, 'Machine Learning A-Z™: Hands-On Python & R In Data Science', 4, 'Excellent course to introduce the concepts of business analytics.', 'Completed'),
(8, 483, 'Machine Learning A-Z™: Hands-On Python & R In Data Science', 4.5, 'The course has been very beneficial to me.', 'Completed'),
(8, 487, 'Machine Learning A-Z™: Hands-On Python & R In Data Science', 4.5, 'Great ', 'Completed'),
(8, 495, 'Machine Learning A-Z™: Hands-On Python & R In Data Science', 4, 'One of the best courses I\'ve ever had. Breathtaking, exciting, absorbing!', 'Completed'),
(8, 498, 'Machine Learning A-Z™: Hands-On Python & R In Data Science', 4.5, 'It\'s a great course!', 'Completed'),
(8, 500, 'Machine Learning A-Z™: Hands-On Python & R In Data Science', 3, 'The assignments are extremely challenging and enjoyable. The videos can get a bit confusing, but overall a great course.', 'Completed'),
(8, 502, 'Machine Learning A-Z™: Hands-On Python & R In Data Science', 4.5, 'a good and informative course.', 'Completed'),
(8, 504, 'Machine Learning A-Z™: Hands-On Python & R In Data Science', 4, 'Overall, very good course. The only thing keeping this from being a 5-star course is the lack of resources around comparing completed programming assignments.', 'Completed'),
(8, 506, 'Machine Learning A-Z™: Hands-On Python & R In Data Science', 3, 'Very challenge though, also help me learn a lot through the five projects. High recommend.', 'Completed'),
(8, 509, 'Machine Learning A-Z™: Hands-On Python & R In Data Science', 4, 'Very good content', 'Completed'),
(8, 512, 'Machine Learning A-Z™: Hands-On Python & R In Data Science', 4.5, 'Thanks a lot for this course. Very interesting. Practical tasks very useful, somewhat challenging.', 'Completed'),
(8, 514, 'Machine Learning A-Z™: Hands-On Python & R In Data Science', 5, 'Very good course!', 'Completed'),
(8, 520, 'Machine Learning A-Z™: Hands-On Python & R In Data Science', 4, 'Excellent course', 'Completed'),
(8, 521, 'Machine Learning A-Z™: Hands-On Python & R In Data Science', 3.5, 'Great course!Cons: too java oriented.', 'Completed'),
(8, 522, 'Machine Learning A-Z™: Hands-On Python & R In Data Science', 5, 'Great course.', 'Completed'),
(8, 526, 'Machine Learning A-Z™: Hands-On Python & R In Data Science', 3.5, 'very good course, and the assignments are very challenge', 'Completed'),
(8, 529, 'Machine Learning A-Z™: Hands-On Python & R In Data Science', 5, 'Great course.', 'Completed'),
(8, 533, 'Machine Learning A-Z™: Hands-On Python & R In Data Science', 4.5, 'I think it is a good course.', 'Completed'),
(8, 534, 'Machine Learning A-Z™: Hands-On Python & R In Data Science', 4.5, 'I really enjoyed this course. It was not easy. But it was fun. Now moving on to Part II. :)', 'Completed'),
(8, 538, 'Machine Learning A-Z™: Hands-On Python & R In Data Science', 4, 'awesome introductory course.', 'Completed'),
(8, 539, 'Machine Learning A-Z™: Hands-On Python & R In Data Science', 4.5, 'Challenging and interesting assignments. Recommend for those with basic programming background.', 'Completed'),
(8, 544, 'Machine Learning A-Z™: Hands-On Python & R In Data Science', 4, 'Great lectures.', 'Completed'),
(8, 548, 'Machine Learning A-Z™: Hands-On Python & R In Data Science', 4, 'Great course!', 'Completed'),
(8, 571, 'Machine Learning A-Z™: Hands-On Python & R In Data Science', 5, 'Very thoroughly taught.', 'Completed'),
(9, 1, 'Python for Data Science and Machine Learning Bootcamp', 4, 'good and interesting', 'Completed'),
(9, 4, 'Python for Data Science and Machine Learning Bootcamp', 1, 'Is there any reason why you should i compete this course, no use.', 'Completed'),
(9, 7, 'Python for Data Science and Machine Learning Bootcamp', 4, 'Excellent course, for me it was very rewarding and the terms used and the tools given were excellent.', 'Completed'),
(9, 22, 'Python for Data Science and Machine Learning Bootcamp', 4, 'A very complete course, very interesting!', 'Completed'),
(9, 41, 'Python for Data Science and Machine Learning Bootcamp', 4.5, 'Great course to start the journy', 'Completed'),
(9, 51, 'Python for Data Science and Machine Learning Bootcamp', 2, 'average', 'Completed'),
(9, 61, 'Python for Data Science and Machine Learning Bootcamp', 4, 'Excellent course. Good classes, easy to follow, updated content, high quality videos.', 'Completed'),
(9, 63, 'Python for Data Science and Machine Learning Bootcamp', 4, 'Great information and videos. Ready for the next step.', 'Completed'),
(9, 69, 'Python for Data Science and Machine Learning Bootcamp', 4.5, 'This was a great course, great implementation and motivation was provided which has definitely increased my enthusiasm and i am really looking forward to other courses to increase my skills.', 'Completed'),
(9, 70, 'Python for Data Science and Machine Learning Bootcamp', 4, '2 thumbs up learned something that I have never learnt before.', 'Completed'),
(9, 91, 'Python for Data Science and Machine Learning Bootcamp', 4, 'good and interesting', 'Completed'),
(9, 93, 'Python for Data Science and Machine Learning Bootcamp', 3.5, 'Really nice teacher!I could got the point eazliy', 'Completed'),
(9, 110, 'Python for Data Science and Machine Learning Bootcamp', 5, 'Excellent course. Good coursees, easy to follow, updated content, high quality videos.', 'Completed'),
(9, 113, 'Python for Data Science and Machine Learning Bootcamp', 4.4, 'Great information and videos. Ready for the next step.', 'Completed'),
(9, 141, 'Python for Data Science and Machine Learning Bootcamp', 4, 'Suberb', 'Completed'),
(9, 143, 'Python for Data Science and Machine Learning Bootcamp', 4.5, 'great course  I will be pursueing the rest of this capstone.', 'Completed'),
(9, 147, 'Python for Data Science and Machine Learning Bootcamp', 4.5, 'Great introduction, even for people who will not pursue completion of the full specialisation.', 'Completed'),
(9, 148, 'Python for Data Science and Machine Learning Bootcamp', 5, 'Excellent', 'Completed'),
(9, 160, 'Python for Data Science and Machine Learning Bootcamp', 4.5, 'I think it should be a more engaged course with practical examples', 'Completed'),
(9, 162, 'Python for Data Science and Machine Learning Bootcamp', 4.5, 'Very good inspirational examples.', 'Completed'),
(9, 165, 'Python for Data Science and Machine Learning Bootcamp', 5, 'A very complete course, very interesting!', 'Completed'),
(9, 171, 'Python for Data Science and Machine Learning Bootcamp', 2, 'Great course! The fundamentals were covered and I am excited to take the next course.', 'Completed'),
(9, 172, 'Python for Data Science and Machine Learning Bootcamp', 4.5, 'Do not hesitate to enroll, it\'s a brain storming course & I like the way of the teaching here!', 'Completed'),
(9, 173, 'Python for Data Science and Machine Learning Bootcamp', 4.5, 'Great introduction', 'Completed'),
(9, 179, 'Python for Data Science and Machine Learning Bootcamp', 4.5, 'Thank you for this course, very good course.', 'Completed'),
(9, 182, 'Python for Data Science and Machine Learning Bootcamp', 1.5, 'Not according what I expected', 'Completed'),
(9, 186, 'Python for Data Science and Machine Learning Bootcamp', 4, 'This is great course', 'Completed'),
(9, 187, 'Python for Data Science and Machine Learning Bootcamp', 5, 'Very relevant and useful course designed.', 'Completed'),
(9, 188, 'Python for Data Science and Machine Learning Bootcamp', 3.5, 'good and interesting', 'Completed'),
(9, 191, 'Python for Data Science and Machine Learning Bootcamp', 4.5, 'Very interesting course. I learned a lot about the Data Science.', 'Completed'),
(9, 192, 'Python for Data Science and Machine Learning Bootcamp', 3.5, 'A very great course for all IT person', 'Completed'),
(9, 194, 'Python for Data Science and Machine Learning Bootcamp', 5, 'Excellent course , enjoyed learning :)', 'Completed'),
(9, 206, 'Python for Data Science and Machine Learning Bootcamp', 5, 'Great course. A must for every individual who has some idea about it and even if you don\'t, team will guide you throughout this wonderful technique.', 'Completed'),
(9, 209, 'Python for Data Science and Machine Learning Bootcamp', 4.5, 'Great course!', 'Completed'),
(9, 217, 'Python for Data Science and Machine Learning Bootcamp', 3.5, 'a very good overview that makes you long for', 'Completed'),
(9, 225, 'Python for Data Science and Machine Learning Bootcamp', 4, 'This whole course is so knowledge-giving.This course helps me to achieve my goal.', 'Completed'),
(9, 228, 'Python for Data Science and Machine Learning Bootcamp', 3.5, 'The course content is quite good, though it could have been deeper in some areas.', 'Completed'),
(9, 229, 'Python for Data Science and Machine Learning Bootcamp', 4.5, 'I enjoyed this course, it was more challenging than the first one in the sequence.', 'Completed'),
(9, 233, 'Python for Data Science and Machine Learning Bootcamp', 4.5, 'Wonderful course !', 'Completed'),
(9, 243, 'Python for Data Science and Machine Learning Bootcamp', 4.5, 'Awesome course, excelent material, great classes.', 'Completed'),
(9, 245, 'Python for Data Science and Machine Learning Bootcamp', 4, 'good and interesting', 'Completed'),
(9, 248, 'Python for Data Science and Machine Learning Bootcamp', 5, 'I enjoyed this course, it was more challenging than the first one in the sequence.', 'Completed'),
(9, 249, 'Python for Data Science and Machine Learning Bootcamp', 3, 'Many of the weeks\' videos were out of order.', 'Completed'),
(9, 251, 'Python for Data Science and Machine Learning Bootcamp', 5, 'I love how clear the videos (and notes) are and re-watching them really helped a lot!', 'Completed'),
(9, 255, 'Python for Data Science and Machine Learning Bootcamp', 4, 'Useful refresher!', 'Completed'),
(9, 265, 'Python for Data Science and Machine Learning Bootcamp', 4.5, 'This is great course', 'Completed'),
(9, 269, 'Python for Data Science and Machine Learning Bootcamp', 4, 'A really good course', 'Completed'),
(9, 271, 'Python for Data Science and Machine Learning Bootcamp', 4, 'A really good course', 'Completed'),
(9, 274, 'Python for Data Science and Machine Learning Bootcamp', 4.5, 'I enjoyed this course, it was more challenging than the first one in the sequence.', 'Completed'),
(9, 474, 'Python for Data Science and Machine Learning Bootcamp', 4, 'good stuff! informative and not exceedingly challenging', 'Completed'),
(9, 475, 'Python for Data Science and Machine Learning Bootcamp', 5, 'Very good.', 'Completed'),
(9, 478, 'Python for Data Science and Machine Learning Bootcamp', 3.5, 'I thought this was a great prerequisite!', 'Completed'),
(9, 483, 'Python for Data Science and Machine Learning Bootcamp', 5, 'I enjoyed this class very much!', 'Completed'),
(9, 485, 'Python for Data Science and Machine Learning Bootcamp', 4.5, 'Very intresting course and very usefull!!!', 'Completed'),
(9, 486, 'Python for Data Science and Machine Learning Bootcamp', 4, 'Overall I feel the course provided sufficient material to understand the concepts and terminology.', 'Completed'),
(9, 489, 'Python for Data Science and Machine Learning Bootcamp', 3, 'Easy and pointless.', 'Completed'),
(9, 490, 'Python for Data Science and Machine Learning Bootcamp', 5, 'Great course', 'Completed'),
(9, 491, 'Python for Data Science and Machine Learning Bootcamp', 4, 'Wow, great course, one of the best in Coursera! I enjoyed the lectures a lot.', 'Completed'),
(9, 500, 'Python for Data Science and Machine Learning Bootcamp', 5, 'I used this course for recollection of what I learned at the uni long time ago.', 'Completed'),
(9, 505, 'Python for Data Science and Machine Learning Bootcamp', 5, 'Great and challenging course to learn data structures and algorithms.', 'Completed'),
(9, 520, 'Python for Data Science and Machine Learning Bootcamp', 4, 'Changed my way of thinking. Thank you!', 'Completed'),
(9, 522, 'Python for Data Science and Machine Learning Bootcamp', 3.5, 'Great course from great professors.', 'Completed'),
(9, 529, 'Python for Data Science and Machine Learning Bootcamp', 3.5, 'Very helpful and detailed', 'Completed'),
(9, 533, 'Python for Data Science and Machine Learning Bootcamp', 4.5, 'Great course to learn or refresh the algorithmic core!', 'Completed'),
(9, 534, 'Python for Data Science and Machine Learning Bootcamp', 4, 'Very solid course.', 'Completed'),
(9, 535, 'Python for Data Science and Machine Learning Bootcamp', 3, 'Fantastic course, very appreciate for the Professor and all the contributors of this course. I have learnt so much!', 'Completed'),
(9, 554, 'Python for Data Science and Machine Learning Bootcamp', 4, 'Simply Awesome.', 'Completed'),
(9, 563, 'Python for Data Science and Machine Learning Bootcamp', 4.5, 'Amazing course!', 'Completed'),
(9, 564, 'Python for Data Science and Machine Learning Bootcamp', 5, 'Great course! Very informative!', 'Completed'),
(9, 573, 'Python for Data Science and Machine Learning Bootcamp', 4.5, 'Very intresting course and very usefull!!!', 'Completed'),
(10, 17, 'PHP for Beginners - Become a PHP Master', 4.5, 'I recommend this course. I believe this course is a good start.', 'Completed'),
(10, 19, 'PHP for Beginners - Become a PHP Master', 5, 'good overview what you can do with this amazing technology.', 'Completed'),
(10, 20, 'PHP for Beginners - Become a PHP Master', 3.5, 'Great content, I still need to go over it to glean the wealth of information that has been put together here.', 'Completed'),
(10, 81, 'PHP for Beginners - Become a PHP Master', 4, 'It was a perfect introductory course for those who really want to learn something. I loved it..', 'Completed'),
(10, 82, 'PHP for Beginners - Become a PHP Master', 4.5, 'It\'s a very good course.', 'Completed'),
(10, 89, 'PHP for Beginners - Become a PHP Master', 4, 'This is great course', 'Completed'),
(10, 122, 'PHP for Beginners - Become a PHP Master', 3.5, 'Super! I did not expect the level of understanding', 'Completed'),
(10, 123, 'PHP for Beginners - Become a PHP Master', 4.5, 'Very helpful videos that really takes you in full understanding.', 'Completed'),
(10, 136, 'PHP for Beginners - Become a PHP Master', 5, 'Great course. Can\'t wait for the next one to start', 'Completed'),
(10, 284, 'PHP for Beginners - Become a PHP Master', 5, 'Week 4 was significantly more time-consuming than the others, but it is still an excellent course overall. Recommended!', 'Completed'),
(10, 290, 'PHP for Beginners - Become a PHP Master', 4, 'This whole course is so knowledge-giving.This course helps me to achieve my goal.', 'Completed'),
(10, 296, 'PHP for Beginners - Become a PHP Master', 4, 'This whole course is so knowledge-giving.This course helps me to achieve my goal.', 'Completed'),
(10, 302, 'PHP for Beginners - Become a PHP Master', 3, 'Excellent course. Really inspired me to learn more.', 'Completed'),
(10, 309, 'PHP for Beginners - Become a PHP Master', 4, 'This whole course is so knowledge-giving.This course helps me to achieve my goal.', 'Completed'),
(10, 315, 'PHP for Beginners - Become a PHP Master', 3, 'very easy to follow', 'Completed'),
(10, 322, 'PHP for Beginners - Become a PHP Master', 3.5, 'Very much to the point, good course!', 'Completed'),
(10, 328, 'PHP for Beginners - Become a PHP Master', 5, 'I enjoyed this course. It was very interesting, the teacher explained each topic well.', 'Completed'),
(10, 334, 'PHP for Beginners - Become a PHP Master', 4, 'This whole course is so knowledge-giving.This course helps me to achieve my goal.', 'Completed'),
(10, 341, 'PHP for Beginners - Become a PHP Master', 5, 'Very Interesting course that covers a huge range of topics over a long period of time. A very well informed lecturer who can speak about the subject matter in a clear and concise manner.', 'Completed'),
(10, 347, 'PHP for Beginners - Become a PHP Master', 2, 'It was a horrible experience.I did not like the course.', 'Completed'),
(10, 352, 'PHP for Beginners - Become a PHP Master', 5, 'Awesome course, excelent material, great classes.', 'Completed'),
(10, 357, 'PHP for Beginners - Become a PHP Master', 4.4, 'It\'s just plain excellent. Great content and professor.', 'Completed'),
(10, 361, 'PHP for Beginners - Become a PHP Master', 5, 'Very Interesting course that covers a huge range of topics over a long period of time. A very well informed lecturer who can speak about the subject matter in a clear and concise manner.', 'Completed'),
(10, 363, 'PHP for Beginners - Become a PHP Master', 3, 'very easy to follow', 'Completed'),
(10, 367, 'PHP for Beginners - Become a PHP Master', 4, 'Interesting and informative! Professor is the best!', 'Completed'),
(10, 369, 'PHP for Beginners - Become a PHP Master', 3.5, 'Was very informative course. Learned a lot stuff.', 'Completed'),
(10, 374, 'PHP for Beginners - Become a PHP Master', 4.5, 'Very good explanations', 'Completed'),
(10, 375, 'PHP for Beginners - Become a PHP Master', 5, 'The professor is very comfortable lecturing in front of a camera, which makes it quite easy to follow the lectures and what he is explaining.', 'Completed'),
(10, 376, 'PHP for Beginners - Become a PHP Master', 4, 'Interesting and informative! Professor is the best!', 'Completed'),
(10, 381, 'PHP for Beginners - Become a PHP Master', 4, 'Wow, great course, one of the best in Coursera! I enjoyed the lectures a lot.', 'Completed'),
(10, 382, 'PHP for Beginners - Become a PHP Master', 4.5, 'Should be followed by every people who say is a programmer', 'Completed'),
(10, 383, 'PHP for Beginners - Become a PHP Master', 5, 'The course was really good in giving real time examples of the algorithms and its usability in the real world.', 'Completed'),
(10, 387, 'PHP for Beginners - Become a PHP Master', 4.5, 'Very interesting, efficient and exciting course!', 'Completed'),
(10, 388, 'PHP for Beginners - Become a PHP Master', 4.5, 'It\'s a great course!', 'Completed'),
(10, 390, 'PHP for Beginners - Become a PHP Master', 5, 'So good that I would certainly recommend it, the lessons are clear and cut. The assignments are very meaningful and demanding.', 'Completed'),
(10, 394, 'PHP for Beginners - Become a PHP Master', 4.5, 'Excellent course. well rounded.', 'Completed'),
(10, 395, 'PHP for Beginners - Become a PHP Master', 4, 'This is a great course and the practical assignments are really cool. But I would like to have more assignments.', 'Completed'),
(10, 396, 'PHP for Beginners - Become a PHP Master', 4.5, 'Very helpful! Pretty challenging assignments and well organized lectures. Looking forward to the second part!', 'Completed'),
(10, 401, 'PHP for Beginners - Become a PHP Master', 4, 'Very good content', 'Completed'),
(10, 402, 'PHP for Beginners - Become a PHP Master', 5, 'Very effective', 'Completed'),
(10, 403, 'PHP for Beginners - Become a PHP Master', 5, 'Great!', 'Completed'),
(10, 407, 'PHP for Beginners - Become a PHP Master', 4.5, 'I have never studied such a good algorithms class starting from very basics.', 'Completed'),
(10, 409, 'PHP for Beginners - Become a PHP Master', 3, 'Wonderful course !!!! describing efficient basic Algorithms.', 'Completed'),
(10, 487, 'PHP for Beginners - Become a PHP Master', 4, 'Great course', 'Completed'),
(11, 85, 'PHP with Laravel for beginners - Become a Master in Laravel', 4.5, 'Great introduction, even for people who will not pursue completion of the full specialisation.', 'Completed'),
(11, 122, 'PHP with Laravel for beginners - Become a Master in Laravel', 2, 'A lot of speaking without any sense. Skip it at all cost', 'Completed'),
(11, 123, 'PHP with Laravel for beginners - Become a Master in Laravel', 5, 'Great course! Thank you!', 'Completed'),
(11, 136, 'PHP with Laravel for beginners - Become a Master in Laravel', 5, '2 thumbs up learned something that I have never learnt before.', 'Completed'),
(12, 122, 'PHP: Object Oriented Programming for beginners + Project', 4, 'unexpected course full in-deep', 'Completed'),
(12, 136, 'PHP: Object Oriented Programming for beginners + Project', 2, 'Not according what I expected', 'Completed'),
(13, 7, 'Machine Learning A-Z', 4.5, 'Excellent... It is a representation of our day by day, thanks for sharing your vision, experience', 'Completed'),
(13, 8, 'Machine Learning A-Z', 5, 'Great content! Learned a lot.', 'Completed'),
(13, 23, 'Machine Learning A-Z', 2, 'A lot of speaking without any sense. Skip it at all cost', 'Completed'),
(13, 25, 'Machine Learning A-Z', 4.5, 'So great! If you want to overview the current situation its very helpful.', 'Completed'),
(13, 51, 'Machine Learning A-Z', 4.5, 'It\'s fantastic', 'Completed'),
(13, 55, 'Machine Learning A-Z', 5, 'Excellent course! Totally recommended!', 'Completed'),
(13, 65, 'Machine Learning A-Z', 3, 'I do not find very interesting this course.', 'Completed'),
(13, 70, 'Machine Learning A-Z', 1, 'Not according what I expected', 'Completed'),
(13, 110, 'Machine Learning A-Z', 2.5, 'This course doesn\'t contain any new information.', 'Completed'),
(13, 126, 'Machine Learning A-Z', 4.5, 'So great! If you want to overview the current situation its very helpful.', 'Completed'),
(13, 134, 'Machine Learning A-Z', 4.5, 'Excellent', 'Completed'),
(13, 135, 'Machine Learning A-Z', 5, 'This course was fantastic, I learned so much from it, and I am so excited to continue this track!', 'Completed'),
(13, 147, 'Machine Learning A-Z', 4, 'perfect course', 'Completed'),
(13, 148, 'Machine Learning A-Z', 4.5, 'Great content. Thanks for the great work.', 'Completed'),
(13, 160, 'Machine Learning A-Z', 4.5, 'Great course and very informative.', 'Completed'),
(13, 163, 'Machine Learning A-Z', 4, 'it could be easily compressed in a two-weeks course.', 'Completed'),
(13, 180, 'Machine Learning A-Z', 4, 'Great course! The fundamentals were covered and I am excited to take the next course.', 'Completed'),
(13, 182, 'Machine Learning A-Z', 4, 'Great course - I recommend it for all, especially IT !', 'Completed'),
(13, 192, 'Machine Learning A-Z', 3.5, 'Very Good Informative Course.!!', 'Completed'),
(13, 197, 'Machine Learning A-Z', 3, 'it could be easily compressed in a two-weeks course.', 'Completed'),
(13, 198, 'Machine Learning A-Z', 4.5, 'good overview what you can do with this amazing technology.', 'Completed'),
(13, 202, 'Machine Learning A-Z', 4.5, 'This was a great course, great implementation and motivation was provided which has definitely increased my enthusiasm and i am really looking forward to other courses to increase my skills.', 'Completed'),
(13, 217, 'Machine Learning A-Z', 5, 'Thank you for this course, very good course.', 'Completed'),
(13, 228, 'Machine Learning A-Z', 4, 'The professor was extremely knowledgeable and clear.', 'Completed'),
(13, 243, 'Machine Learning A-Z', 4.5, 'Tutor does an excellent job explaining things at depth and at the same time keeping things interesting.And there is a wealth of advanced/optional material for the curious.', 'Completed'),
(13, 250, 'Machine Learning A-Z', 5, 'Good learning', 'Completed'),
(13, 266, 'Machine Learning A-Z', 4, 'Well done, made a very difficult topic accessible.', 'Completed'),
(13, 275, 'Machine Learning A-Z', 5, 'A really good course', 'Completed'),
(13, 280, 'Machine Learning A-Z', 5, 'Great course for machine learning.', 'Completed'),
(13, 518, 'Machine Learning A-Z', 4.5, 'Great course. Learned a lot.', 'Completed'),
(13, 525, 'Machine Learning A-Z', 4.5, 'A gorgeous cource! I\'ve enjoyed while studying.I learned a lot of new.Thanks!', 'Completed'),
(13, 535, 'Machine Learning A-Z', 5, 'Great course! Very informative!', 'Completed'),
(13, 536, 'Machine Learning A-Z', 5, 'Great course! Very informative!', 'Completed'),
(13, 543, 'Machine Learning A-Z', 5, 'Excellent course.', 'Completed'),
(13, 548, 'Machine Learning A-Z', 5, 'Exceptionally good.', 'Completed'),
(13, 553, 'Machine Learning A-Z', 5, 'Great course! Very informative!', 'Completed'),
(13, 554, 'Machine Learning A-Z', 4, 'Great course! Very informative!', 'Completed'),
(13, 559, 'Machine Learning A-Z', 4, 'Good content.', 'Completed'),
(13, 561, 'Machine Learning A-Z', 5, 'Very helpful.', 'Completed'),
(13, 563, 'Machine Learning A-Z', 5, 'Great course! Very informative!', 'Completed'),
(13, 565, 'Machine Learning A-Z', 5, 'Great course! Very informative!', 'Completed'),
(13, 568, 'Machine Learning A-Z', 3, 'Very good course.', 'Completed'),
(13, 570, 'Machine Learning A-Z', 5, 'Great course! Very informative!', 'Completed'),
(13, 573, 'Machine Learning A-Z', 3.5, 'Great Course.', 'Completed'),
(14, 2, 'Data Science and Deep Learning with Python', 4, 'One of the most useful course for IT', 'Completed'),
(14, 7, 'Data Science and Deep Learning with Python', 4, 'Very interesting and easy to understand.', 'Completed'),
(14, 8, 'Data Science and Deep Learning with Python', 4.5, 'Great course information and content !', 'Completed'),
(14, 28, 'Data Science and Deep Learning with Python', 4, 'Good experience to start with', 'Completed'),
(14, 43, 'Data Science and Deep Learning with Python', 4.5, 'I like the course. Pretty concise and straight forward. Highly recommended.', 'Completed'),
(14, 62, 'Data Science and Deep Learning with Python', 4.5, 'This course is very interesting, enlightening and a wonderful introduction especially for learners with no prior experience.', 'Completed'),
(14, 70, 'Data Science and Deep Learning with Python', 4, 'Thank you so much!', 'Completed'),
(14, 71, 'Data Science and Deep Learning with Python', 5, 'A very comprehensive and total introduction to basic concepts.', 'Completed'),
(14, 88, 'Data Science and Deep Learning with Python', 5, 'Great course with interesting assignments.', 'Completed'),
(14, 90, 'Data Science and Deep Learning with Python', 4, 'I enjoyed this course, it was more challenging than the first one in the sequence.', 'Completed'),
(14, 91, 'Data Science and Deep Learning with Python', 3.5, 'This course is very helpful to me. Currently, I\'m still learning this course which makes up a lot of basic knowledge.', 'Completed'),
(14, 110, 'Data Science and Deep Learning with Python', 3.5, 'Great course. I enjoyed learning the material.', 'Completed'),
(14, 112, 'Data Science and Deep Learning with Python', 4, 'this course helped me learn a bunch of useful things I would otherwise not have put effort into studying.', 'Completed'),
(14, 114, 'Data Science and Deep Learning with Python', 4.5, 'I recommend this course. I believe this course is a good start.', 'Completed'),
(14, 116, 'Data Science and Deep Learning with Python', 3.5, 'good introduction.', 'Completed'),
(14, 119, 'Data Science and Deep Learning with Python', 2.5, 'I do not find very interesting this course.', 'Completed'),
(14, 120, 'Data Science and Deep Learning with Python', 5, 'A good course', 'Completed'),
(14, 125, 'Data Science and Deep Learning with Python', 4, 'Excellently framed course', 'Completed'),
(14, 141, 'Data Science and Deep Learning with Python', 4, 'Great course! The fundamentals were covered and I am excited to take the next course.', 'Completed'),
(14, 147, 'Data Science and Deep Learning with Python', 3, 'Amazing! Very interactive, engaging and comprehensive.', 'Completed'),
(14, 148, 'Data Science and Deep Learning with Python', 5, 'very interactive and reflective course highly recommended.', 'Completed'),
(14, 161, 'Data Science and Deep Learning with Python', 4, 'Excellent course. Good classes, easy to follow, updated content, high quality videos.', 'Completed');
INSERT INTO `course_enrolled` (`c_id`, `u_id`, `course_name`, `rating`, `feedback`, `status`) VALUES
(14, 165, 'Data Science and Deep Learning with Python', 4, 'Good content, but the course setting does (at least for me) not allow learn the content long term due to missing reading material.', 'Completed'),
(14, 171, 'Data Science and Deep Learning with Python', 3.5, 'It\'s mostly very basic stuff, but even then it introduced me to concepts I wasn\'t aware of.', 'Completed'),
(14, 173, 'Data Science and Deep Learning with Python', 4, 'Eye and mind opening course.', 'Completed'),
(14, 179, 'Data Science and Deep Learning with Python', 5, 'It\'s fantastic', 'Completed'),
(14, 180, 'Data Science and Deep Learning with Python', 4.5, 'It\'s a very good course.', 'Completed'),
(14, 186, 'Data Science and Deep Learning with Python', 4.5, 'It\'s an amazing courses aiming to high-level and fast-pace algorithmic thinker.', 'Completed'),
(14, 187, 'Data Science and Deep Learning with Python', 4.5, 'good and interesting', 'Completed'),
(14, 188, 'Data Science and Deep Learning with Python', 4, 'Very relevant and useful course designed.', 'Completed'),
(14, 191, 'Data Science and Deep Learning with Python', 4, 'Great content! Learned a lot.', 'Completed'),
(14, 194, 'Data Science and Deep Learning with Python', 5, 'Great course and very informative.', 'Completed'),
(14, 198, 'Data Science and Deep Learning with Python', 4, 'Great content, I still need to go over it to glean the wealth of information that has been put together here.', 'Completed'),
(14, 202, 'Data Science and Deep Learning with Python', 4, 'Good experience to start with', 'Completed'),
(14, 243, 'Data Science and Deep Learning with Python', 4, 'Very much to the point, good course!', 'Completed'),
(14, 245, 'Data Science and Deep Learning with Python', 3, 'The course content is quite good, though it could have been deeper in some areas.', 'Completed'),
(14, 249, 'Data Science and Deep Learning with Python', 5, 'The material was good.', 'Completed'),
(14, 264, 'Data Science and Deep Learning with Python', 5, 'The best  course I took so far! The instructor has a good pedagogic approach -- for every problem he discusses, he starts with an intuitive explanation illustrated on a simple example, and afterwards provides a rather rigorous justification for the problem.', 'Completed'),
(14, 265, 'Data Science and Deep Learning with Python', 3.5, 'Very much to the point, good course!', 'Completed'),
(14, 266, 'Data Science and Deep Learning with Python', 5, 'Good learning', 'Completed'),
(14, 274, 'Data Science and Deep Learning with Python', 4.5, 'The professor is amazing. He has the ability to present the material very clearly, concise, and with a good dose of humour! I would definitely recommend it to anyone.', 'Completed'),
(14, 275, 'Data Science and Deep Learning with Python', 4.5, 'This was another good one, providing a slightly deeper dive than I had seen in other courses.', 'Completed'),
(14, 279, 'Data Science and Deep Learning with Python', 4.5, 'Nice course and exams problems. I recommend this course if you understand the basics of python', 'Completed'),
(14, 475, 'Data Science and Deep Learning with Python', 5, 'Excellent.', 'Completed'),
(14, 476, 'Data Science and Deep Learning with Python', 4.5, 'Great course! Very informative!', 'Completed'),
(14, 477, 'Data Science and Deep Learning with Python', 4.5, 'It was good learning experience and thus I will go for the next course.', 'Completed'),
(14, 478, 'Data Science and Deep Learning with Python', 3, 'Very good course.', 'Completed'),
(14, 479, 'Data Science and Deep Learning with Python', 4.5, 'Great course! Very informative!', 'Completed'),
(14, 484, 'Data Science and Deep Learning with Python', 3.5, 'informative videos. useful final project', 'Completed'),
(14, 485, 'Data Science and Deep Learning with Python', 3, 'Great first course', 'Completed'),
(14, 487, 'Data Science and Deep Learning with Python', 4, 'Very good introduction.', 'Completed'),
(14, 490, 'Data Science and Deep Learning with Python', 3.5, 'Awesome course.. focusing mainly on developing algorithmic thinking instead of simply knowing it', 'Completed'),
(14, 507, 'Data Science and Deep Learning with Python', 5, 'This course is a must do.Thanks Sirs, Thanks Coursera.', 'Completed'),
(14, 508, 'Data Science and Deep Learning with Python', 5, 'Great course', 'Completed'),
(14, 511, 'Data Science and Deep Learning with Python', 3, 'Excellent course for beginners and experienced programmers', 'Completed'),
(14, 513, 'Data Science and Deep Learning with Python', 3.5, 'Very interesting and clear. Great value.', 'Completed'),
(14, 516, 'Data Science and Deep Learning with Python', 4.5, 'I have never studied such a good algorithms class starting from very basics.', 'Completed'),
(14, 518, 'Data Science and Deep Learning with Python', 3.5, 'The course is good.', 'Completed'),
(14, 524, 'Data Science and Deep Learning with Python', 5, 'Great course! Very informative!', 'Completed'),
(14, 527, 'Data Science and Deep Learning with Python', 4, 'Great course! Very informative!', 'Completed'),
(14, 530, 'Data Science and Deep Learning with Python', 5, 'Fantastic Free Course. A must seen for programmers.', 'Completed'),
(14, 532, 'Data Science and Deep Learning with Python', 3, 'there should be more problem statements for preparation', 'Completed'),
(14, 532, 'Data Science and Deep Learning with Python', 4, 'Amazing course from an inspiring instructor.', 'Completed'),
(14, 539, 'Data Science and Deep Learning with Python', 3.5, 'Great instructor.', 'Completed'),
(14, 542, 'Data Science and Deep Learning with Python', 4.5, 'Awesome course! The best I ever seen.', 'Completed'),
(14, 553, 'Data Science and Deep Learning with Python', 4, 'Great!', 'Completed'),
(14, 556, 'Data Science and Deep Learning with Python', 5, 'its a nice course', 'Completed'),
(14, 561, 'Data Science and Deep Learning with Python', 4, 'It was good learning experience and thus I will go for the next course.', 'Completed'),
(14, 562, 'Data Science and Deep Learning with Python', 4, 'Excellent Course.', 'Completed'),
(14, 566, 'Data Science and Deep Learning with Python', 5, 'Very good.', 'Completed'),
(15, 3, 'Spark and Python for Big Data with PySpark', 5, 'One of the excellent courses for information technology ', 'Completed'),
(15, 8, 'Spark and Python for Big Data with PySpark', 4, 'Excellent course! Totally recommended!', 'Completed'),
(15, 22, 'Spark and Python for Big Data with PySpark', 5, 'Great review on course.', 'Completed'),
(15, 38, 'Spark and Python for Big Data with PySpark', 2.5, 'It\'s mostly very basic stuff, but even then it introduced me to concepts I wasn\'t aware of.', 'Completed'),
(15, 41, 'Spark and Python for Big Data with PySpark', 5, 'great opportunities to study with you', 'Completed'),
(15, 61, 'Spark and Python for Big Data with PySpark', 4, 'very interesting', 'Completed'),
(15, 62, 'Spark and Python for Big Data with PySpark', 4, 'If you are interested in having a deeper insight of this technology, I recommend this course.', 'Completed'),
(15, 71, 'Spark and Python for Big Data with PySpark', 5, 'Excellent course, really looking forward for the rest of the specialization!', 'Completed'),
(15, 93, 'Spark and Python for Big Data with PySpark', 4, 'One of the most useful course for IT', 'Completed'),
(15, 112, 'Spark and Python for Big Data with PySpark', 4, 'I was able to understand materials', 'Completed'),
(15, 114, 'Spark and Python for Big Data with PySpark', 3.5, 'Full Individuals speaking', 'Completed'),
(15, 141, 'Spark and Python for Big Data with PySpark', 4, 'I really liked it', 'Completed'),
(15, 142, 'Spark and Python for Big Data with PySpark', 5, 'Great thanks ', 'Completed'),
(15, 161, 'Spark and Python for Big Data with PySpark', 4, 'very interesting', 'Completed'),
(15, 163, 'Spark and Python for Big Data with PySpark', 4, 'Great course. It provided a great degree of knowledge about applications and the design process.', 'Completed'),
(15, 165, 'Spark and Python for Big Data with PySpark', 5, 'Great course!', 'Completed'),
(15, 171, 'Spark and Python for Big Data with PySpark', 5, 'Great course. A must for every individual who has some idea about it and even if you don\'t, team will guide you throughout this wonderful technique.', 'Completed'),
(15, 173, 'Spark and Python for Big Data with PySpark', 4.5, 'Very good introduction to the subject, instructor never looses the attention with new topics and examples.', 'Completed'),
(15, 180, 'Spark and Python for Big Data with PySpark', 4.5, 'very interesting', 'Completed'),
(15, 186, 'Spark and Python for Big Data with PySpark', 4, 'I enjoyed this course, it was more challenging than the first one in the sequence.', 'Completed'),
(15, 188, 'Spark and Python for Big Data with PySpark', 5, 'Super content. I\'ll definitely re-do the course', 'Completed'),
(15, 194, 'Spark and Python for Big Data with PySpark', 3, 'I think it should be a more engaged course with practical examples', 'Completed'),
(15, 198, 'Spark and Python for Big Data with PySpark', 3, 'I do not find very interesting this course. too many interviews', 'Completed'),
(15, 200, 'Spark and Python for Big Data with PySpark', 3.5, 'good introduction!!!', 'Completed'),
(15, 202, 'Spark and Python for Big Data with PySpark', 4, 'Excelent! Lots of information and really interesting interviews.Extremely clear in the lectures. Congratulations.', 'Completed'),
(15, 207, 'Spark and Python for Big Data with PySpark', 3.5, 'Good introductory course, just a little bit to short for my like.', 'Completed'),
(15, 213, 'Spark and Python for Big Data with PySpark', 4.5, 'The best course for beginners.', 'Completed'),
(15, 215, 'Spark and Python for Big Data with PySpark', 4, 'very interesting', 'Completed'),
(15, 219, 'Spark and Python for Big Data with PySpark', 4.5, 'Do not hesitate to enroll, it\'s a brain storming course & I like the way of the teaching here!', 'Completed'),
(15, 221, 'Spark and Python for Big Data with PySpark', 5, 'Super interesting course, I have never seen in my lifetime.Watch it.', 'Completed'),
(15, 230, 'Spark and Python for Big Data with PySpark', 4, 'Well done, made a very difficult topic accessible.', 'Completed'),
(15, 251, 'Spark and Python for Big Data with PySpark', 4, 'Very much to the point, good course!', 'Completed'),
(15, 516, 'Spark and Python for Big Data with PySpark', 5, 'I really enjoyed this course.', 'Completed'),
(15, 554, 'Spark and Python for Big Data with PySpark', 4, 'Great course.', 'Completed'),
(15, 564, 'Spark and Python for Big Data with PySpark', 4.5, 'videos can be more interactive with more information on the slides.', 'Completed'),
(15, 573, 'Spark and Python for Big Data with PySpark', 4, 'Overall I feel the course provided sufficient material to understand the concepts and terminology.', 'Completed'),
(16, 2, 'Building Recommender Systems with Machine Learning and AI', 5, 'Great course - I recommend it for all', 'Completed'),
(16, 8, 'Building Recommender Systems with Machine Learning and AI', 4, 'Very interesting course.', 'Completed'),
(16, 9, 'Building Recommender Systems with Machine Learning and AI', 4, 'wow all concetscleared.', 'Completed'),
(16, 36, 'Building Recommender Systems with Machine Learning and AI', 4, 'A very comprehensive and total introduction to basic concepts', 'Completed'),
(16, 38, 'Building Recommender Systems with Machine Learning and AI', 4, 'Great course! The fundamentals were covered and I am excited to take the next course.', 'Completed'),
(16, 41, 'Building Recommender Systems with Machine Learning and AI', 4.5, 'very good course', 'Completed'),
(16, 43, 'Building Recommender Systems with Machine Learning and AI', 4, 'good', 'Completed'),
(16, 64, 'Building Recommender Systems with Machine Learning and AI', 4, 'Great content, I still need to go over it to glean the wealth of information that has been put together here.', 'Completed'),
(16, 65, 'Building Recommender Systems with Machine Learning and AI', 5, 'A very complete course, very interesting!', 'Completed'),
(16, 71, 'Building Recommender Systems with Machine Learning and AI', 4, 'Nice introduction for absolute beginners. Very interesting interviews entrepreneurs.', 'Completed'),
(16, 92, 'Building Recommender Systems with Machine Learning and AI', 3, 'Easy to follow and includes a lot basic and important techniques', 'Completed'),
(16, 93, 'Building Recommender Systems with Machine Learning and AI', 5, 'Great course - I recommend it for all', 'Completed'),
(16, 95, 'Building Recommender Systems with Machine Learning and AI', 5, 'This is a good course for technical concept.', 'Completed'),
(16, 112, 'Building Recommender Systems with Machine Learning and AI', 4.5, 'This course is very interesting.', 'Completed'),
(16, 125, 'Building Recommender Systems with Machine Learning and AI', 5, 'I like the course its easily explained.', 'Completed'),
(16, 126, 'Building Recommender Systems with Machine Learning and AI', 1, 'I thought this was a great high-level but it was worst.', 'Completed'),
(16, 142, 'Building Recommender Systems with Machine Learning and AI', 4.5, 'Very nice introduction I love it!', 'Completed'),
(16, 143, 'Building Recommender Systems with Machine Learning and AI', 3.5, 'Great course. loved it', 'Completed'),
(16, 150, 'Building Recommender Systems with Machine Learning and AI', 4.5, 'Its a nice brief introduction of technology.', 'Completed'),
(16, 151, 'Building Recommender Systems with Machine Learning and AI', 4.5, 'A good video', 'Completed'),
(16, 190, 'Building Recommender Systems with Machine Learning and AI', 4.5, 'Excellent course! Totally recommended!', 'Completed'),
(16, 219, 'Building Recommender Systems with Machine Learning and AI', 4.5, 'good overview what you can do with this amazing technology.', 'Completed'),
(16, 223, 'Building Recommender Systems with Machine Learning and AI', 3, 'The course content is quite good, though it could have been deeper in some areas.', 'Completed'),
(16, 230, 'Building Recommender Systems with Machine Learning and AI', 5, 'This whole course is so knowledge-giving.This course helps me to achieve my goal.', 'Completed'),
(16, 244, 'Building Recommender Systems with Machine Learning and AI', 4, 'Well done, made a very difficult topic accessible.', 'Completed'),
(16, 248, 'Building Recommender Systems with Machine Learning and AI', 4.4, 'Tutor does an excellent job explaining things at depth and at the same time keeping things interesting.And there is a wealth of advanced/optional material for the curious.', 'Completed'),
(16, 251, 'Building Recommender Systems with Machine Learning and AI', 4, 'Cool', 'Completed'),
(16, 265, 'Building Recommender Systems with Machine Learning and AI', 5, 'I love how clear the videos (and notes) are and re-watching them really helped a lot!', 'Completed'),
(16, 545, 'Building Recommender Systems with Machine Learning and AI', 5, 'Great course! Very informative!', 'Completed'),
(16, 546, 'Building Recommender Systems with Machine Learning and AI', 3.5, 'This is the best course for learning Algorithms', 'Completed'),
(16, 550, 'Building Recommender Systems with Machine Learning and AI', 5, 'It was an amazing experience.', 'Completed'),
(16, 553, 'Building Recommender Systems with Machine Learning and AI', 5, 'Homeworks are super fun and challenging!The lectures are super clear!!!!!!!!!!!!!!!!!!!!!!!!!', 'Completed'),
(16, 559, 'Building Recommender Systems with Machine Learning and AI', 5, 'Very good.', 'Completed'),
(16, 561, 'Building Recommender Systems with Machine Learning and AI', 3, 'Great course! Very informative!', 'Completed'),
(16, 565, 'Building Recommender Systems with Machine Learning and AI', 3.5, 'Good content.', 'Completed'),
(16, 570, 'Building Recommender Systems with Machine Learning and AI', 4, 'Excellent course to introduce the concepts of business analytics.', 'Completed'),
(17, 4, 'Natural Language Processing with Deep Learning in Python', 5, 'This is a good course for technical concept.', 'Completed'),
(17, 9, 'Natural Language Processing with Deep Learning in Python', 4.5, 'I found this course was very interesting and a great learning ', 'Completed'),
(17, 24, 'Natural Language Processing with Deep Learning in Python', 4, 'Excellently framed course', 'Completed'),
(17, 38, 'Natural Language Processing with Deep Learning in Python', 5, 'Great thanks ', 'Completed'),
(17, 42, 'Natural Language Processing with Deep Learning in Python', 4, 'Great introduction', 'Completed'),
(17, 63, 'Natural Language Processing with Deep Learning in Python', 4, 'it could be easily compressed in a two-weeks course.', 'Completed'),
(17, 69, 'Natural Language Processing with Deep Learning in Python', 4, 'Good experience to start with', 'Completed'),
(17, 93, 'Natural Language Processing with Deep Learning in Python', 1, 'I was disappointed because my concept is not cleared by this course', 'Completed'),
(17, 125, 'Natural Language Processing with Deep Learning in Python', 5, 'Great overview and introduction', 'Completed'),
(17, 139, 'Natural Language Processing with Deep Learning in Python', 5, 'Thank you so much!', 'Completed'),
(17, 150, 'Natural Language Processing with Deep Learning in Python', 4.4, 'Very good and helpful video', 'Completed'),
(17, 173, 'Natural Language Processing with Deep Learning in Python', 5, 'Mind-blowing course!', 'Completed'),
(17, 174, 'Natural Language Processing with Deep Learning in Python', 5, 'A good course, please provide more practice sets in depth.', 'Completed'),
(17, 181, 'Natural Language Processing with Deep Learning in Python', 5, 'Thank you for this course, very good course.', 'Completed'),
(17, 185, 'Natural Language Processing with Deep Learning in Python', 5, 'Great course with interesting assignments.', 'Completed'),
(17, 186, 'Natural Language Processing with Deep Learning in Python', 4, 'it was awsome!! one of the best courses and materials i have taken!thanks a lot!totally worth my time and money', 'Completed'),
(17, 187, 'Natural Language Processing with Deep Learning in Python', 4.5, 'The professor is amazing. He has the ability to present the material very clearly, concise, and with a good dose of humour! I would definitely recommend it to anyone.', 'Completed'),
(17, 191, 'Natural Language Processing with Deep Learning in Python', 5, 'Great course information and content ! Very interesting !', 'Completed'),
(17, 195, 'Natural Language Processing with Deep Learning in Python', 5, 'Very nutritional course with real world examples that let you understand the potential emerging technology.', 'Completed'),
(17, 200, 'Natural Language Processing with Deep Learning in Python', 4, 'Great course! Thank you!', 'Completed'),
(17, 207, 'Natural Language Processing with Deep Learning in Python', 5, 'Mind-blowing course!', 'Completed'),
(17, 213, 'Natural Language Processing with Deep Learning in Python', 5, 'Thank you for this course, very good course.', 'Completed'),
(17, 215, 'Natural Language Processing with Deep Learning in Python', 3, 'weeks 1,2 and 3 were not satisfactory according to me. the video lectures were difficult to comprehend. week 4 was very good.', 'Completed'),
(17, 216, 'Natural Language Processing with Deep Learning in Python', 4.5, 'very interesting', 'Completed'),
(17, 221, 'Natural Language Processing with Deep Learning in Python', 5, 'Great course! Very touching and devoted instructor.', 'Completed'),
(17, 230, 'Natural Language Processing with Deep Learning in Python', 4.5, 'good overview what you can do with this amazing technology.', 'Completed'),
(17, 241, 'Natural Language Processing with Deep Learning in Python', 5, 'Wonderful course !', 'Completed'),
(17, 242, 'Natural Language Processing with Deep Learning in Python', 4.5, 'I love the way this professor talk about events. I learned so much.', 'Completed'),
(17, 244, 'Natural Language Processing with Deep Learning in Python', 3, 'very easy to follow', 'Completed'),
(17, 245, 'Natural Language Processing with Deep Learning in Python', 5, 'Nice course and exams problems. I recommend this course if you understand the basics of python', 'Completed'),
(17, 248, 'Natural Language Processing with Deep Learning in Python', 4.5, 'Do not hesitate to enroll, it\'s a brain storming course & I like the way of the teaching here!', 'Completed'),
(17, 249, 'Natural Language Processing with Deep Learning in Python', 4, 'This whole course is so knowledge-giving.This course helps me to achieve my goal.', 'Completed'),
(17, 250, 'Natural Language Processing with Deep Learning in Python', 5, 'Super interesting course, I have never seen in my lifetime.Watch it.', 'Completed'),
(17, 252, 'Natural Language Processing with Deep Learning in Python', 3, 'very easy to follow', 'Completed'),
(17, 545, 'Natural Language Processing with Deep Learning in Python', 4, 'Great explanations and very good assignments.', 'Completed'),
(17, 560, 'Natural Language Processing with Deep Learning in Python', 3.5, 'Very Educative.', 'Completed'),
(17, 565, 'Natural Language Processing with Deep Learning in Python', 4, 'Excellent course.', 'Completed'),
(17, 569, 'Natural Language Processing with Deep Learning in Python', 4, 'Amazing course!', 'Completed'),
(17, 570, 'Natural Language Processing with Deep Learning in Python', 4, 'good course', 'Completed'),
(18, 1, 'Master Computer Vision', 4.5, 'Very rewarding learning experience!', 'Completed'),
(18, 38, 'Master Computer Vision', 4.5, 'Very nice introduction I love it!', 'Completed'),
(18, 42, 'Master Computer Vision', 4.5, 'Mind-blowing course!', 'Completed'),
(18, 43, 'Master Computer Vision', 5, 'Eye and mind opening course.', 'Completed'),
(18, 61, 'Master Computer Vision', 5, 'course with real world examples that let you understand the potential emerging technology.', 'Completed'),
(18, 63, 'Master Computer Vision', 4.5, 'Very good inspirational examples.', 'Completed'),
(18, 139, 'Master Computer Vision', 4, 'Excellent information covered, very understandable with practical examples and great professors.', 'Completed'),
(18, 141, 'Master Computer Vision', 4.5, 'Very interesting topic.', 'Completed'),
(18, 165, 'Master Computer Vision', 1.5, 'A lot of speaking without any sense. Skip it at all cost', 'Completed'),
(18, 171, 'Master Computer Vision', 4.5, 'Very nice introduction! I love it!', 'Completed'),
(18, 172, 'Master Computer Vision', 4, 'Good introductory course, just a little bit to short for my like.', 'Completed'),
(18, 174, 'Master Computer Vision', 4, 'Great introduction, even for people who will not pursue completion of the full specialisation.', 'Completed'),
(18, 179, 'Master Computer Vision', 4, 'It was a perfect introductory course for those who really want to learn something. I loved it..', 'Completed'),
(18, 181, 'Master Computer Vision', 4.5, 'a very good overview that makes you long for', 'Completed'),
(18, 185, 'Master Computer Vision', 4, 'The tutorials is not for average students, it takes a very high skill to understand them.', 'Completed'),
(18, 188, 'Master Computer Vision', 4, 'Very structured approach. Thank you for sharing with me.', 'Completed'),
(18, 194, 'Master Computer Vision', 3.5, 'This course doesn\'t contain any new information. It does not teach you but just excitedly shows commonly known facts.There are better ways to invest your time.', 'Completed'),
(18, 195, 'Master Computer Vision', 4.5, 'very interesting', 'Completed'),
(18, 201, 'Master Computer Vision', 4.5, 'Very helpful videos that really takes you into the real world', 'Completed'),
(18, 213, 'Master Computer Vision', 4.5, 'It was a perfect introductory course for those who really want to learn something. I loved it..', 'Completed'),
(18, 229, 'Master Computer Vision', 3.5, 'Great course! Excellent professor.', 'Completed'),
(18, 230, 'Master Computer Vision', 4, 'I love the way this professor talk about events. I learned so much.', 'Completed'),
(18, 233, 'Master Computer Vision', 4, 'The professor was extremely knowledgeable and clear.', 'Completed'),
(18, 242, 'Master Computer Vision', 5, 'Great course! Very touching and devoted instructor.', 'Completed'),
(18, 244, 'Master Computer Vision', 5, 'The professor is very comfortable lecturing in front of a camera, which makes it quite easy to follow the lectures and what he is explaining.', 'Completed'),
(18, 246, 'Master Computer Vision', 4, 'I love the way this professor talk about events. I learned so much.', 'Completed'),
(18, 248, 'Master Computer Vision', 3.5, 'Wonderful course !', 'Completed'),
(18, 250, 'Master Computer Vision', 4.5, 'Great Course!', 'Completed'),
(18, 274, 'Master Computer Vision', 4, 'good in depth knowedge.', 'Completed'),
(18, 545, 'Master Computer Vision', 5, 'Great course!', 'Completed'),
(18, 549, 'Master Computer Vision', 3, 'Excellent course.', 'Completed'),
(19, 30, 'SQL - MySQL for Data Analytics and Business Intelligence', 4.5, 'great course!', 'Completed'),
(19, 33, 'SQL - MySQL for Data Analytics and Business Intelligence', 4, 'Great course to start with this technology.', 'Completed'),
(19, 35, 'SQL - MySQL for Data Analytics and Business Intelligence', 3.5, 'Very complete and extensive.The weeks actually take weeks to complete!', 'Completed'),
(19, 58, 'SQL - MySQL for Data Analytics and Business Intelligence', 4.5, 'Well-presented contents with comprehensive illustrations and easy to follow', 'Completed'),
(19, 59, 'SQL - MySQL for Data Analytics and Business Intelligence', 3.5, 'It opened up my understanding of what could be accomplished', 'Completed'),
(19, 88, 'SQL - MySQL for Data Analytics and Business Intelligence', 4, 'it was awsome!! one of the best courses and materials i have taken!thanks a lot!totally worth my time and money', 'Completed'),
(19, 90, 'SQL - MySQL for Data Analytics and Business Intelligence', 4.5, 'The professor is amazing. He has the ability to present the material very clearly, concise, and with a good dose of humour! I would definitely recommend it to anyone.', 'Completed'),
(19, 99, 'SQL - MySQL for Data Analytics and Business Intelligence', 4, 'Very interesting and easy to understand.', 'Completed'),
(19, 139, 'SQL - MySQL for Data Analytics and Business Intelligence', 3, 'Very interesting course!', 'Completed'),
(19, 166, 'SQL - MySQL for Data Analytics and Business Intelligence', 4.5, 'Great course! Thank you!', 'Completed'),
(19, 167, 'SQL - MySQL for Data Analytics and Business Intelligence', 4.5, 'The best course for beginners.', 'Completed'),
(19, 169, 'SQL - MySQL for Data Analytics and Business Intelligence', 1, 'Not according what I expected', 'Completed'),
(19, 231, 'SQL - MySQL for Data Analytics and Business Intelligence', 4, 'Wonderful course !', 'Completed'),
(19, 247, 'SQL - MySQL for Data Analytics and Business Intelligence', 5, 'Nice course and exams problems. I recommend this course if you understand the basics of python', 'Completed'),
(19, 255, 'SQL - MySQL for Data Analytics and Business Intelligence', 4, 'Cool', 'Completed'),
(19, 270, 'SQL - MySQL for Data Analytics and Business Intelligence', 4.5, 'This is great course', 'Completed'),
(19, 271, 'SQL - MySQL for Data Analytics and Business Intelligence', 2, 'It was a horrible experience.I did not like the course.', 'Completed'),
(19, 539, 'SQL - MySQL for Data Analytics and Business Intelligence', 3, 'Very good Course.', 'Completed'),
(20, 10, 'R Programming A-Z™: R For Data Science With Real Exercises!', 3.5, 'Good quality course.', 'Completed'),
(20, 44, 'R Programming A-Z™: R For Data Science With Real Exercises!', 4, 'Very good introduction to the subject, instructor never looses the attention with new topics and examples.', 'Completed'),
(20, 51, 'R Programming A-Z™: R For Data Science With Real Exercises!', 5, 'Great course', 'Completed'),
(20, 55, 'R Programming A-Z™: R For Data Science With Real Exercises!', 4, 'The course content is quite good, though it could have been deeper in some areas.', 'Completed'),
(20, 65, 'R Programming A-Z™: R For Data Science With Real Exercises!', 2.5, 'This session was too long and a little boring. Could be shorter with the related contents.', 'Completed'),
(20, 130, 'R Programming A-Z™: R For Data Science With Real Exercises!', 5, 'This was a great course! ', 'Completed'),
(20, 139, 'R Programming A-Z™: R For Data Science With Real Exercises!', 4, 'A very comprehensive and total introduction to basic concepts', 'Completed'),
(20, 152, 'R Programming A-Z™: R For Data Science With Real Exercises!', 4, 'It helps you to understand what is the current scope of this technology and how you can start.', 'Completed'),
(20, 182, 'R Programming A-Z™: R For Data Science With Real Exercises!', 4, 'very interesting', 'Completed'),
(20, 192, 'R Programming A-Z™: R For Data Science With Real Exercises!', 3, 'Course is comprehensive and detailed. But is a bit fast paced for people.', 'Completed'),
(20, 201, 'R Programming A-Z™: R For Data Science With Real Exercises!', 3.5, 'The best course for beginners.', 'Completed'),
(20, 208, 'R Programming A-Z™: R For Data Science With Real Exercises!', 4, 'Very good introduction to the subject, instructor never looses the attention with new topics and examples.', 'Completed'),
(20, 211, 'R Programming A-Z™: R For Data Science With Real Exercises!', 4.5, 'It was a perfect introductory course for those who really want to learn something. I loved it..', 'Completed'),
(20, 216, 'R Programming A-Z™: R For Data Science With Real Exercises!', 3, 'Not according what I expected', 'Completed'),
(20, 217, 'R Programming A-Z™: R For Data Science With Real Exercises!', 4, 'Great introduction, even for people who will not pursue completion of the full specialisation.', 'Completed'),
(20, 220, 'R Programming A-Z™: R For Data Science With Real Exercises!', 4, 'This whole course is so knowledge-giving.This course helps me to achieve my goal.', 'Completed'),
(20, 224, 'R Programming A-Z™: R For Data Science With Real Exercises!', 3.5, 'Great course! Excellent professor.', 'Completed'),
(20, 231, 'R Programming A-Z™: R For Data Science With Real Exercises!', 3.5, 'Many of the weeks\' videos were out of order.', 'Completed'),
(20, 241, 'R Programming A-Z™: R For Data Science With Real Exercises!', 3.5, 'Many of the weeks\' videos were out of order.', 'Completed'),
(20, 247, 'R Programming A-Z™: R For Data Science With Real Exercises!', 4, 'Useful refresher!', 'Completed'),
(20, 253, 'R Programming A-Z™: R For Data Science With Real Exercises!', 5, 'Tutor does an excellent job explaining things at depth and at the same time keeping things interesting.And there is a wealth of advanced/optional material for the curious.', 'Completed'),
(20, 267, 'R Programming A-Z™: R For Data Science With Real Exercises!', 3, 'very easy to follow', 'Completed'),
(20, 269, 'R Programming A-Z™: R For Data Science With Real Exercises!', 5, 'Great course! Very touching and devoted instructor.', 'Completed'),
(20, 271, 'R Programming A-Z™: R For Data Science With Real Exercises!', 3.5, 'The course was great, the material is excelent, the assignements interesting and challenging. I really liked this course and am getting ready for the next one on the series.', 'Completed'),
(20, 482, 'R Programming A-Z™: R For Data Science With Real Exercises!', 5, 'Very thoroughly taught.', 'Completed'),
(20, 483, 'R Programming A-Z™: R For Data Science With Real Exercises!', 3, 'A very good introduction that moves at the right pace', 'Completed'),
(20, 484, 'R Programming A-Z™: R For Data Science With Real Exercises!', 4, 'good course', 'Completed'),
(20, 486, 'R Programming A-Z™: R For Data Science With Real Exercises!', 5, 'good course', 'Completed'),
(20, 493, 'R Programming A-Z™: R For Data Science With Real Exercises!', 3.5, 'I really like this course. It is a good recap of algorithms which I learned in my masters.', 'Completed'),
(20, 494, 'R Programming A-Z™: R For Data Science With Real Exercises!', 5, 'very interesting course!', 'Completed'),
(20, 496, 'R Programming A-Z™: R For Data Science With Real Exercises!', 5, 'Great course. It is the best Algorithm course I have ever seen.', 'Completed'),
(20, 497, 'R Programming A-Z™: R For Data Science With Real Exercises!', 4.5, 'Very interesting, efficient and exciting course!', 'Completed'),
(20, 501, 'R Programming A-Z™: R For Data Science With Real Exercises!', 5, 'Great course. The programming assignments helped to reinforce the concepts.', 'Completed'),
(20, 503, 'R Programming A-Z™: R For Data Science With Real Exercises!', 5, 'Great content, very well explained, great exercises too.', 'Completed'),
(20, 504, 'R Programming A-Z™: R For Data Science With Real Exercises!', 4, 'This is a great course and the practical assignments are really cool. But I would like to have more assignments.', 'Completed'),
(20, 507, 'R Programming A-Z™: R For Data Science With Real Exercises!', 4, 'one of the greatest things I have go through..........', 'Completed'),
(20, 510, 'R Programming A-Z™: R For Data Science With Real Exercises!', 4, 'Very informative and helpful!!', 'Completed'),
(20, 515, 'R Programming A-Z™: R For Data Science With Real Exercises!', 4, 'Great course, benefit a lot ! And I will absolutely continue learning algorithms, Part II.', 'Completed'),
(20, 521, 'R Programming A-Z™: R For Data Science With Real Exercises!', 4.5, 'Very Good Content Flow..Thank you.', 'Completed'),
(20, 524, 'R Programming A-Z™: R For Data Science With Real Exercises!', 4, 'This course is incredible.', 'Completed'),
(20, 528, 'R Programming A-Z™: R For Data Science With Real Exercises!', 4.5, 'This a very interesting and well-organized course!', 'Completed'),
(20, 530, 'R Programming A-Z™: R For Data Science With Real Exercises!', 5, 'It makes the algorithms more simple and interesting.', 'Completed'),
(20, 531, 'R Programming A-Z™: R For Data Science With Real Exercises!', 4, 'Excellent introduction to thinking formally about how to program effectively', 'Completed'),
(20, 548, 'R Programming A-Z™: R For Data Science With Real Exercises!', 4.5, 'I really liked the videos and the lecture slides.', 'Completed'),
(20, 555, 'R Programming A-Z™: R For Data Science With Real Exercises!', 4, 'Great course! Very informative!', 'Completed'),
(20, 558, 'R Programming A-Z™: R For Data Science With Real Exercises!', 4.5, 'Great course! Very informative!', 'Completed'),
(20, 566, 'R Programming A-Z™: R For Data Science With Real Exercises!', 5, 'Excellent.', 'Completed'),
(20, 567, 'R Programming A-Z™: R For Data Science With Real Exercises!', 4, 'Great course! Very informative!', 'Completed'),
(20, 571, 'R Programming A-Z™: R For Data Science With Real Exercises!', 5, 'I enjoyed this class very much!', 'Completed'),
(21, 4, 'Statistics for Data Analysis Using R', 4, 'Excellent course and teachers. Congratulations!!', 'Completed'),
(21, 10, 'Statistics for Data Analysis Using R', 4, 'Thanks.', 'Completed'),
(21, 44, 'Statistics for Data Analysis Using R', 4.5, 'Great introduction, even for people who will not pursue completion of the full specialisation.', 'Completed'),
(21, 94, 'Statistics for Data Analysis Using R', 1, 'Is there any reason why you should i compete this course, no use.', 'Completed'),
(21, 130, 'Statistics for Data Analysis Using R', 4.5, 'unsatisfied course.', 'Completed'),
(21, 152, 'Statistics for Data Analysis Using R', 2, 'average', 'Completed'),
(21, 182, 'Statistics for Data Analysis Using R', 4.5, 'a very good overview that makes you long for', 'Completed'),
(21, 192, 'Statistics for Data Analysis Using R', 4, 'Well-presented contents with comprehensive illustrations and easy to follow', 'Completed'),
(21, 201, 'Statistics for Data Analysis Using R', 4, 'Great intro! The videos were fantastic and instructors very engaging.', 'Completed'),
(21, 211, 'Statistics for Data Analysis Using R', 4, 'It\'s a very good course.', 'Completed'),
(21, 217, 'Statistics for Data Analysis Using R', 4.5, 'very interesting', 'Completed'),
(21, 220, 'Statistics for Data Analysis Using R', 5, 'Tutor does an excellent job explaining things at depth and at the same time keeping things interesting.And there is a wealth of advanced/optional material for the curious.', 'Completed'),
(21, 224, 'Statistics for Data Analysis Using R', 5, 'Good learning', 'Completed'),
(21, 231, 'Statistics for Data Analysis Using R', 4.5, 'Do not hesitate to enroll, it\'s a brain storming course & I like the way of the teaching here!', 'Completed'),
(21, 234, 'Statistics for Data Analysis Using R', 4, 'good and interesting', 'Completed'),
(21, 237, 'Statistics for Data Analysis Using R', 4, 'Well done, made a very difficult topic accessible.', 'Completed'),
(21, 240, 'Statistics for Data Analysis Using R', 4.5, 'good overview what you can do with this amazing technology.', 'Completed'),
(21, 241, 'Statistics for Data Analysis Using R', 2.5, 'very easy to follow', 'Completed'),
(21, 247, 'Statistics for Data Analysis Using R', 4, 'The best  course I took so far! The instructor has a good pedagogic approach -- for every problem he discusses, he starts with an intuitive explanation illustrated on a simple example, and afterwards provides a rather rigorous justification for the problem.', 'Completed'),
(21, 253, 'Statistics for Data Analysis Using R', 4.5, 'Well done!!!! That is the first course I have finished!!!!', 'Completed'),
(21, 260, 'Statistics for Data Analysis Using R', 4, 'good and interesting', 'Completed'),
(21, 263, 'Statistics for Data Analysis Using R', 4, 'Well done, made a very difficult topic accessible.', 'Completed'),
(21, 267, 'Statistics for Data Analysis Using R', 4, 'Useful refresher!', 'Completed'),
(21, 268, 'Statistics for Data Analysis Using R', 4.5, 'This is great course', 'Completed'),
(21, 272, 'Statistics for Data Analysis Using R', 5, 'Great course with interesting assignments.', 'Completed'),
(21, 277, 'Statistics for Data Analysis Using R', 4.5, 'Great course.', 'Completed'),
(21, 281, 'Statistics for Data Analysis Using R', 4, 'I am really satisfied by the course .....just love the lecture and slides too :) .....', 'Completed'),
(21, 492, 'Statistics for Data Analysis Using R', 4, 'Very amazing course.', 'Completed'),
(21, 493, 'Statistics for Data Analysis Using R', 5, 'The course was really good in giving real time examples of the algorithms and its usability in the real world.', 'Completed'),
(21, 497, 'Statistics for Data Analysis Using R', 4, 'Thank you very much.', 'Completed'),
(21, 501, 'Statistics for Data Analysis Using R', 3, 'This course is amazing! The course lectures are well explained and the assignments pose a good challenge.', 'Completed'),
(21, 503, 'Statistics for Data Analysis Using R', 4, 'This is perfect course. ', 'Completed'),
(21, 505, 'Statistics for Data Analysis Using R', 4.5, 'This was a fantastic course. I was hoping for a simple review but I learned some new material too. I really excited for part 2.', 'Completed'),
(21, 507, 'Statistics for Data Analysis Using R', 3.5, 'Great course. Reminded me why I enjoy programming. Lots of updated material, and better instruction than in person, at university, a long time ago :-)', 'Completed'),
(21, 508, 'Statistics for Data Analysis Using R', 5, 'Great course thanks!', 'Completed'),
(21, 510, 'Statistics for Data Analysis Using R', 4.5, 'I have had a great experience during the course. Thank you very much, I have learned a lot of useful things.', 'Completed'),
(21, 515, 'Statistics for Data Analysis Using R', 5, 'Its pretty good!', 'Completed'),
(21, 516, 'Statistics for Data Analysis Using R', 3, 'Excellent lectures and hard enough programming assignments. Highly recommended.', 'Completed'),
(21, 517, 'Statistics for Data Analysis Using R', 5, 'Probably one of the best courses on this whole website.', 'Completed'),
(21, 524, 'Statistics for Data Analysis Using R', 5, 'Highly useful course and assignments. Professor teaches great techniques to writing a clean and concise code.', 'Completed'),
(21, 528, 'Statistics for Data Analysis Using R', 4, 'Great course! Very informative!', 'Completed'),
(21, 530, 'Statistics for Data Analysis Using R', 4.5, 'This course is very helpful with me', 'Completed'),
(21, 567, 'Statistics for Data Analysis Using R', 4, 'Very helpful.', 'Completed'),
(21, 571, 'Statistics for Data Analysis Using R', 4.5, 'The course has been very beneficial to me.', 'Completed'),
(22, 3, 'Tableau 10 A-Z: Hands-On Tableau Training For Data Science!', 4, 'Super content. I\'ll definitely re-do the course', 'Completed'),
(22, 10, 'Tableau 10 A-Z: Hands-On Tableau Training For Data Science!', 4, 'Course is comprehensive and detailed. But is a bit fast ', 'Completed'),
(22, 130, 'Tableau 10 A-Z: Hands-On Tableau Training For Data Science!', 4, 'Thanks for the course! ', 'Completed'),
(22, 149, 'Tableau 10 A-Z: Hands-On Tableau Training For Data Science!', 4, 'A good course, please provide more practice problems in depth.', 'Completed'),
(22, 152, 'Tableau 10 A-Z: Hands-On Tableau Training For Data Science!', 4.5, 'It\'s fantastic', 'Completed'),
(22, 174, 'Tableau 10 A-Z: Hands-On Tableau Training For Data Science!', 4.5, 'Great course!', 'Completed'),
(22, 211, 'Tableau 10 A-Z: Hands-On Tableau Training For Data Science!', 2, 'No practical knowledge learnd and no clear examples of the topics. Too complex all the course', 'Completed'),
(22, 220, 'Tableau 10 A-Z: Hands-On Tableau Training For Data Science!', 3, 'The course content is quite good, though it could have been deeper in some areas.', 'Completed'),
(22, 224, 'Tableau 10 A-Z: Hands-On Tableau Training For Data Science!', 4.5, 'Do not hesitate to enroll, it\'s a brain storming course & I like the way of the teaching here!', 'Completed'),
(22, 234, 'Tableau 10 A-Z: Hands-On Tableau Training For Data Science!', 5, 'Great course! Very touching and devoted instructor.', 'Completed'),
(22, 237, 'Tableau 10 A-Z: Hands-On Tableau Training For Data Science!', 3, 'very easy to follow', 'Completed'),
(22, 246, 'Tableau 10 A-Z: Hands-On Tableau Training For Data Science!', 4.5, 'Well done!!!! That is the first course I have finished!!!!', 'Completed'),
(22, 255, 'Tableau 10 A-Z: Hands-On Tableau Training For Data Science!', 5, 'Tutor does an excellent job explaining things at depth and at the same time keeping things interesting.And there is a wealth of advanced/optional material for the curious.', 'Completed'),
(22, 260, 'Tableau 10 A-Z: Hands-On Tableau Training For Data Science!', 3.5, 'Many of the weeks\' videos were out of order.', 'Completed'),
(22, 262, 'Tableau 10 A-Z: Hands-On Tableau Training For Data Science!', 4, 'Useful refresher!', 'Completed'),
(22, 263, 'Tableau 10 A-Z: Hands-On Tableau Training For Data Science!', 5, 'I enjoyed this course, it was more challenging than the first one in the sequence.', 'Completed'),
(22, 268, 'Tableau 10 A-Z: Hands-On Tableau Training For Data Science!', 4, 'Well done, made a very difficult topic accessible.', 'Completed'),
(22, 276, 'Tableau 10 A-Z: Hands-On Tableau Training For Data Science!', 5, 'very good course! but I think we need to practice more', 'Completed'),
(22, 277, 'Tableau 10 A-Z: Hands-On Tableau Training For Data Science!', 5, 'This course let me feel algorithms is not hard as I thought. It is worth to learn', 'Completed'),
(22, 554, 'Tableau 10 A-Z: Hands-On Tableau Training For Data Science!', 4.5, 'One of the best courses.', 'Completed'),
(22, 563, 'Tableau 10 A-Z: Hands-On Tableau Training For Data Science!', 4, 'Great course! Very informative!', 'Completed'),
(22, 564, 'Tableau 10 A-Z: Hands-On Tableau Training For Data Science!', 3.5, 'Great course with very practical real-life examples. Highly recomended', 'Completed'),
(22, 566, 'Tableau 10 A-Z: Hands-On Tableau Training For Data Science!', 4.5, 'Great course! Very informative!', 'Completed'),
(22, 567, 'Tableau 10 A-Z: Hands-On Tableau Training For Data Science!', 4.5, 'It was good learning experience and thus I will go for the next course.', 'Completed'),
(22, 568, 'Tableau 10 A-Z: Hands-On Tableau Training For Data Science!', 5, 'very useful!', 'Completed'),
(22, 571, 'Tableau 10 A-Z: Hands-On Tableau Training For Data Science!', 3, 'A very good introduction that moves at the right pace', 'Completed'),
(22, 573, 'Tableau 10 A-Z: Hands-On Tableau Training For Data Science!', 5, 'good course', 'Completed'),
(23, 9, 'Deep Learning and NLP A-Z™: How to create a ChatBot', 2, 'Very Basic course for learners', 'Completed'),
(23, 22, 'Deep Learning and NLP A-Z™: How to create a ChatBot', 4.5, 'Great course!', 'Completed'),
(23, 24, 'Deep Learning and NLP A-Z™: How to create a ChatBot', 4, 'Great intro! The videos were fantastic and instructors very engaging.', 'Completed'),
(23, 39, 'Deep Learning and NLP A-Z™: How to create a ChatBot', 4, 'Good introductory course, just a little bit to short for my like.', 'Completed'),
(23, 68, 'Deep Learning and NLP A-Z™: How to create a ChatBot', 4.5, 'The best course for beginners.', 'Completed'),
(23, 69, 'Deep Learning and NLP A-Z™: How to create a ChatBot', 5, 'Excelent! Lots of information and really interesting ', 'Completed'),
(23, 72, 'Deep Learning and NLP A-Z™: How to create a ChatBot', 3.5, 'It\'s mostly very basic stuff, but even then it introduced me to concepts I wasn\'t aware of.', 'Completed'),
(23, 145, 'Deep Learning and NLP A-Z™: How to create a ChatBot', 4.5, 'very good course', 'Completed'),
(23, 149, 'Deep Learning and NLP A-Z™: How to create a ChatBot', 5, 'An excellent course to start with', 'Completed'),
(23, 151, 'Deep Learning and NLP A-Z™: How to create a ChatBot', 3, 'It was exactly like the trainers said it would be like.', 'Completed'),
(23, 174, 'Deep Learning and NLP A-Z™: How to create a ChatBot', 4.5, 'a very good overview that makes you long for', 'Completed'),
(23, 208, 'Deep Learning and NLP A-Z™: How to create a ChatBot', 3, 'A good course, please provide more practice quiz in depth.', 'Completed'),
(23, 212, 'Deep Learning and NLP A-Z™: How to create a ChatBot', 3.5, 'Very good course but videos sometimes too long', 'Completed'),
(23, 216, 'Deep Learning and NLP A-Z™: How to create a ChatBot', 5, 'Great course - I recommend it for all, especially IT !', 'Completed'),
(23, 232, 'Deep Learning and NLP A-Z™: How to create a ChatBot', 5, 'Great course! Very touching and devoted instructor.', 'Completed'),
(23, 238, 'Deep Learning and NLP A-Z™: How to create a ChatBot', 3.5, 'The course content is quite good, though it could have been deeper in some areas.', 'Completed'),
(23, 239, 'Deep Learning and NLP A-Z™: How to create a ChatBot', 5, 'Super interesting course, I have never seen in my lifetime.Watch it.', 'Completed'),
(23, 240, 'Deep Learning and NLP A-Z™: How to create a ChatBot', 2, 'This course doesn\'t contain any new information. It does not teach you but just excitedly shows commonly known facts.There are better ways to invest your time.', 'Completed'),
(23, 245, 'Deep Learning and NLP A-Z™: How to create a ChatBot', 4.5, 'Awesome course, excelent material, great classes.', 'Completed'),
(23, 246, 'Deep Learning and NLP A-Z™: How to create a ChatBot', 5, 'Super interesting course, I have never seen in my lifetime.Watch it.', 'Completed'),
(23, 249, 'Deep Learning and NLP A-Z™: How to create a ChatBot', 3.5, 'Very much to the point, good course!', 'Completed'),
(23, 252, 'Deep Learning and NLP A-Z™: How to create a ChatBot', 3.5, 'Wonderful course !', 'Completed'),
(23, 256, 'Deep Learning and NLP A-Z™: How to create a ChatBot', 2, 'not expected', 'Completed'),
(23, 257, 'Deep Learning and NLP A-Z™: How to create a ChatBot', 3, 'very easy to follow', 'Completed'),
(23, 261, 'Deep Learning and NLP A-Z™: How to create a ChatBot', 5, 'This whole course is so knowledge-giving.This course helps me to achieve my goal.', 'Completed'),
(23, 264, 'Deep Learning and NLP A-Z™: How to create a ChatBot', 3, 'average course', 'Completed'),
(23, 269, 'Deep Learning and NLP A-Z™: How to create a ChatBot', 5, 'I enjoyed this course, it was more challenging than the first one in the sequence.', 'Completed'),
(23, 273, 'Deep Learning and NLP A-Z™: How to create a ChatBot', 5, 'It\'s an amazing courses aiming to high-level and fast-pace algorithmic thinker.', 'Completed'),
(23, 276, 'Deep Learning and NLP A-Z™: How to create a ChatBot', 3, 'I learned a lot lot lot, no more to say. Fantastic.', 'Completed'),
(23, 278, 'Deep Learning and NLP A-Z™: How to create a ChatBot', 3, 'This is a great course. The teacher is very clear, and the material is very interesting.', 'Completed'),
(23, 280, 'Deep Learning and NLP A-Z™: How to create a ChatBot', 4, 'This is great course and amazing refresher!!!', 'Completed'),
(23, 535, 'Deep Learning and NLP A-Z™: How to create a ChatBot', 4, 'Fun, engaging, and clearly explained', 'Completed'),
(23, 537, 'Deep Learning and NLP A-Z™: How to create a ChatBot', 4, 'This course is pretty good.', 'Completed'),
(23, 559, 'Deep Learning and NLP A-Z™: How to create a ChatBot', 4.5, 'good stuff! informative and not exceedingly challenging', 'Completed'),
(23, 563, 'Deep Learning and NLP A-Z™: How to create a ChatBot', 4, 'Course is good for getting started with Data Analytics!', 'Completed'),
(24, 2, 'The Python Mega Course: Build 10 Real World Applications', 3, 'Easy to follow and includes a lot basic and important techniques', 'Completed'),
(24, 4, 'The Python Mega Course: Build 10 Real World Applications', 2.5, 'Good content, but the course content long term due to missing reading material.', 'Completed'),
(24, 9, 'The Python Mega Course: Build 10 Real World Applications', 4.5, 'Very interesting nicely explained.', 'Completed'),
(24, 26, 'The Python Mega Course: Build 10 Real World Applications', 3.5, 'Got new thing to learn', 'Completed'),
(24, 26, 'The Python Mega Course: Build 10 Real World Applications', 4, 'Excellent course. Very well presented. ', 'Completed'),
(24, 39, 'The Python Mega Course: Build 10 Real World Applications', 5, 'I can\'t just not to rate this as I really enjoyed it to the max', 'Completed'),
(24, 72, 'The Python Mega Course: Build 10 Real World Applications', 2, 'Great course! The fundamentals were covered and I am excited to take the next course.', 'Completed'),
(24, 91, 'The Python Mega Course: Build 10 Real World Applications', 4.5, 'Very rewarding learning experience!', 'Completed'),
(24, 94, 'The Python Mega Course: Build 10 Real World Applications', 5, 'One of the excellent courses for information technology ', 'Completed');
INSERT INTO `course_enrolled` (`c_id`, `u_id`, `course_name`, `rating`, `feedback`, `status`) VALUES
(24, 149, 'The Python Mega Course: Build 10 Real World Applications', 4.5, 'If you know little or nothing about additive, and it sounds interesting, this is a good place to start!', 'Completed'),
(24, 151, 'The Python Mega Course: Build 10 Real World Applications', 4, 'it\'s a very good an easy to understand ', 'Completed'),
(24, 183, 'The Python Mega Course: Build 10 Real World Applications', 4.5, 'Great introduction, even for people who will not pursue completion of the full specialisation.', 'Completed'),
(24, 212, 'The Python Mega Course: Build 10 Real World Applications', 2.5, 'week 1 and 2 were kind of boring, but maybe necessary; weeks 3 and 4 were more interesting.', 'Completed'),
(24, 220, 'The Python Mega Course: Build 10 Real World Applications', 3.5, 'Useful refresher!', 'Completed'),
(24, 232, 'The Python Mega Course: Build 10 Real World Applications', 3.5, 'Great course! Excellent professor.', 'Completed'),
(24, 239, 'The Python Mega Course: Build 10 Real World Applications', 4, 'The professor was extremely knowledgeable and clear.', 'Completed'),
(24, 240, 'The Python Mega Course: Build 10 Real World Applications', 4, 'good and interesting', 'Completed'),
(24, 242, 'The Python Mega Course: Build 10 Real World Applications', 4.5, 'Well done!!!! That is the first course I have finished!!!!', 'Completed'),
(24, 252, 'The Python Mega Course: Build 10 Real World Applications', 5, 'Super interesting course, I have never seen in my lifetime.Watch it.', 'Completed'),
(24, 256, 'The Python Mega Course: Build 10 Real World Applications', 3, 'very easy to follow', 'Completed'),
(24, 257, 'The Python Mega Course: Build 10 Real World Applications', 4, 'This whole course is so knowledge-giving.This course helps me to achieve my goal.', 'Completed'),
(24, 261, 'The Python Mega Course: Build 10 Real World Applications', 3.5, 'The material was good.', 'Completed'),
(24, 264, 'The Python Mega Course: Build 10 Real World Applications', 4, 'Great Course!', 'Completed'),
(24, 273, 'The Python Mega Course: Build 10 Real World Applications', 4.5, 'This is great course', 'Completed'),
(24, 276, 'The Python Mega Course: Build 10 Real World Applications', 4, 'Useful refresher!', 'Completed'),
(24, 279, 'The Python Mega Course: Build 10 Real World Applications', 5, 'Good learning', 'Completed'),
(24, 492, 'The Python Mega Course: Build 10 Real World Applications', 4.5, 'Should be followed by every people who say is a programmer', 'Completed'),
(24, 494, 'The Python Mega Course: Build 10 Real World Applications', 4, 'Learned a lot from this course, great contents and projects.', 'Completed'),
(24, 498, 'The Python Mega Course: Build 10 Real World Applications', 5, 'Really clear explanation for every algorithm. The exercises are quite challenging and helpful!', 'Completed'),
(24, 499, 'The Python Mega Course: Build 10 Real World Applications', 5, 'So good that I would certainly recommend it, the lessons are clear and cut. The assignments are very meaningful and demanding.', 'Completed'),
(24, 501, 'The Python Mega Course: Build 10 Real World Applications', 4, 'good course with new things that exite my tech soul', 'Completed'),
(24, 511, 'The Python Mega Course: Build 10 Real World Applications', 5, 'Very effective', 'Completed'),
(24, 513, 'The Python Mega Course: Build 10 Real World Applications', 4, 'One of the best courses on Coursera.', 'Completed'),
(24, 523, 'The Python Mega Course: Build 10 Real World Applications', 5, 'complex concepts explained simply !', 'Completed'),
(24, 527, 'The Python Mega Course: Build 10 Real World Applications', 5, 'Great course! Very informative!', 'Completed'),
(24, 532, 'The Python Mega Course: Build 10 Real World Applications', 5, 'Thank you Very helpfull', 'Completed'),
(24, 536, 'The Python Mega Course: Build 10 Real World Applications', 4.5, 'Excellent course.', 'Completed'),
(24, 537, 'The Python Mega Course: Build 10 Real World Applications', 5, 'Great course! Very informative!', 'Completed'),
(24, 540, 'The Python Mega Course: Build 10 Real World Applications', 2, 'This is a great course of algorithms I have ever seen . great!', 'Completed'),
(24, 541, 'The Python Mega Course: Build 10 Real World Applications', 5, 'Super course! I love all the assignments.', 'Completed'),
(24, 545, 'The Python Mega Course: Build 10 Real World Applications', 4, 'Great, Thanks all', 'Completed'),
(24, 547, 'The Python Mega Course: Build 10 Real World Applications', 4, 'It is the best algorithms course I have ever taken.', 'Completed'),
(24, 550, 'The Python Mega Course: Build 10 Real World Applications', 3.5, 'Great course! Very informative!', 'Completed'),
(24, 551, 'The Python Mega Course: Build 10 Real World Applications', 5, 'Great course! Very informative!', 'Completed'),
(24, 556, 'The Python Mega Course: Build 10 Real World Applications', 5, 'Good course course with good instruction from professors', 'Completed'),
(24, 557, 'The Python Mega Course: Build 10 Real World Applications', 3.5, 'Interesting material.', 'Completed'),
(24, 566, 'The Python Mega Course: Build 10 Real World Applications', 4, 'good stuff! informative and not exceedingly challenging', 'Completed'),
(24, 572, 'The Python Mega Course: Build 10 Real World Applications', 3.5, 'informative videos. useful final project', 'Completed'),
(25, 23, 'Automate the Boring Stuff with Python Programming', 3.5, 'Super! I did not expect the level of understanding', 'Completed'),
(25, 36, 'Automate the Boring Stuff with Python Programming', 4, 'Excellent information covered, very understandable with practical examples and great professors.', 'Completed'),
(25, 54, 'Automate the Boring Stuff with Python Programming', 4.5, 'One of the excellent courses for information technology.', 'Completed'),
(25, 90, 'Automate the Boring Stuff with Python Programming', 4.5, 'It\'s an amazing courses aiming to high-level and fast-pace algorithmic thinker.', 'Completed'),
(25, 95, 'Automate the Boring Stuff with Python Programming', 4, 'Excellent course and teachers. Congratulations!!', 'Completed'),
(25, 146, 'Automate the Boring Stuff with Python Programming', 5, 'Eye and mind opening course.', 'Completed'),
(25, 151, 'Automate the Boring Stuff with Python Programming', 4.5, 'Great course!', 'Completed'),
(25, 175, 'Automate the Boring Stuff with Python Programming', 4, 'Simply very interesting.', 'Completed'),
(25, 178, 'Automate the Boring Stuff with Python Programming', 4.5, 'Thanks for your help.', 'Completed'),
(25, 208, 'Automate the Boring Stuff with Python Programming', 4, 'Great introduction, even for people who will not pursue completion of the full specialisation.', 'Completed'),
(25, 232, 'Automate the Boring Stuff with Python Programming', 4, 'This whole course is so knowledge-giving.This course helps me to achieve my goal.', 'Completed'),
(25, 234, 'Automate the Boring Stuff with Python Programming', 5, 'Super interesting course, I have never seen in my lifetime.Watch it.', 'Completed'),
(25, 238, 'Automate the Boring Stuff with Python Programming', 4, 'Cool', 'Completed'),
(25, 239, 'Automate the Boring Stuff with Python Programming', 5, 'The best  course I took so far! The instructor has a good pedagogic approach -- for every problem he discusses, he starts with an intuitive explanation illustrated on a simple example, and afterwards provides a rather rigorous justification for the problem.', 'Completed'),
(25, 242, 'Automate the Boring Stuff with Python Programming', 4, 'The professor is very comfortable lecturing in front of a camera, which makes it quite easy to follow the lectures and what he is explaining.', 'Completed'),
(25, 246, 'Automate the Boring Stuff with Python Programming', 3.5, 'Very much to the point, good course!', 'Completed'),
(25, 252, 'Automate the Boring Stuff with Python Programming', 4.5, 'The material was good.', 'Completed'),
(25, 257, 'Automate the Boring Stuff with Python Programming', 3.5, 'Very much to the point, good course!', 'Completed'),
(25, 273, 'Automate the Boring Stuff with Python Programming', 4, 'it was awsome!! one of the best courses and materials i have taken!thanks a lot!totally worth my time and money', 'Completed'),
(25, 278, 'Automate the Boring Stuff with Python Programming', 4, 'I really enjoyed it. Perfect balance of practice and theory together with clear explanations. I also appreciate the mentors efforts that always answer any questions and try to help.', 'Completed'),
(25, 543, 'Automate the Boring Stuff with Python Programming', 3.5, 'Great for course.', 'Completed'),
(25, 560, 'Automate the Boring Stuff with Python Programming', 4, 'Excellent.', 'Completed'),
(25, 567, 'Automate the Boring Stuff with Python Programming', 5, 'Very Educative.', 'Completed'),
(25, 569, 'Automate the Boring Stuff with Python Programming', 4.5, 'Great course! Very informative!', 'Completed'),
(28, 29, 'Java Programming Masterclass for Software Developers', 2.5, 'This course change my mind to change my domain.', 'Completed'),
(28, 31, 'Java Programming Masterclass for Software Developers', 4.5, 'Excellent', 'Completed'),
(28, 33, 'Java Programming Masterclass for Software Developers', 5, '2 thumbs up learned something that I have never learnt before.', 'Completed'),
(28, 35, 'Java Programming Masterclass for Software Developers', 4, 'Good place to start if you don\'t know anything ', 'Completed'),
(28, 57, 'Java Programming Masterclass for Software Developers', 4, 'A very great course for all IT person', 'Completed'),
(28, 59, 'Java Programming Masterclass for Software Developers', 5, 'Excellent course. I completely enjoyed it. Thank you Sagar and team.', 'Completed'),
(28, 99, 'Java Programming Masterclass for Software Developers', 4.5, 'Excellent... It is a representation of our day by day, thanks for sharing your vision, experience', 'Completed'),
(28, 106, 'Java Programming Masterclass for Software Developers', 4.5, 'Very well course.', 'Completed'),
(28, 107, 'Java Programming Masterclass for Software Developers', 4.5, 'It opened up my understanding of what could be accomplished.', 'Completed'),
(28, 109, 'Java Programming Masterclass for Software Developers', 5, 'well explained need more courses on it', 'Completed'),
(28, 127, 'Java Programming Masterclass for Software Developers', 4, 'Excellent course. Very well presented. ', 'Completed'),
(28, 140, 'Java Programming Masterclass for Software Developers', 4.5, 'Excellent course, really looking forward for the rest of the specialization!', 'Completed'),
(28, 166, 'Java Programming Masterclass for Software Developers', 4, 'good introduction!!!', 'Completed'),
(28, 168, 'Java Programming Masterclass for Software Developers', 4.5, 'This was a great course, great implementation and motivation was provided which has definitely increased my enthusiasm and i am really looking forward to other courses to increase my skills.', 'Completed'),
(28, 410, 'Java Programming Masterclass for Software Developers', 3.5, 'The course is good.', 'Completed'),
(28, 414, 'Java Programming Masterclass for Software Developers', 4, 'Exceptional Course!', 'Completed'),
(28, 420, 'Java Programming Masterclass for Software Developers', 4, 'Very interesting and not so hard.', 'Completed'),
(28, 427, 'Java Programming Masterclass for Software Developers', 4, 'Great course! Very informative!', 'Completed'),
(28, 428, 'Java Programming Masterclass for Software Developers', 4.5, 'I really enjoyed this course. It was not easy. But it was fun. Now moving on to Part II. :)', 'Completed'),
(28, 431, 'Java Programming Masterclass for Software Developers', 4, 'This course is pretty good.', 'Completed'),
(28, 440, 'Java Programming Masterclass for Software Developers', 3, 'Great course! Very informative!', 'Completed'),
(28, 440, 'Java Programming Masterclass for Software Developers', 3.5, 'Great for course.', 'Completed'),
(28, 445, 'Java Programming Masterclass for Software Developers', 4.5, 'Would be great to have a certificate', 'Completed'),
(28, 445, 'Java Programming Masterclass for Software Developers', 3, 'There is very informative course. It has understandable explanation of algorithms and data structures.', 'Completed'),
(28, 450, 'Java Programming Masterclass for Software Developers', 3.5, 'Outstanding!', 'Completed'),
(28, 450, 'Java Programming Masterclass for Software Developers', 4.5, 'Great course! Very informative!', 'Completed'),
(28, 455, 'Java Programming Masterclass for Software Developers', 5, 'Great course! Very informative!', 'Completed'),
(28, 455, 'Java Programming Masterclass for Software Developers', 5, 'Great course! Very informative!', 'Completed'),
(28, 460, 'Java Programming Masterclass for Software Developers', 4, 'Excellent beginning for some one who wants to understands algorithms.', 'Completed'),
(28, 461, 'Java Programming Masterclass for Software Developers', 4, 'Thank you for creating this course.', 'Completed'),
(28, 462, 'Java Programming Masterclass for Software Developers', 2.5, 'Great course! Very informative!', 'Completed'),
(28, 466, 'Java Programming Masterclass for Software Developers', 5, 'Great course! Very informative!', 'Completed'),
(28, 467, 'Java Programming Masterclass for Software Developers', 4, 'Great course! Very informative!', 'Completed'),
(28, 473, 'Java Programming Masterclass for Software Developers', 3, 'Great course! Very informative!', 'Completed'),
(29, 30, 'Selenium WebDriver with Java -Basics to Advanced+Frameworks', 5, 'Wow ! Learning is so easy here, bring your innovation to reality , please join this course , Highly recommended !!!!', 'Completed'),
(29, 60, 'Selenium WebDriver with Java -Basics to Advanced+Frameworks', 4.5, 'Great course and very informative.', 'Completed'),
(29, 100, 'Selenium WebDriver with Java -Basics to Advanced+Frameworks', 4, 'Very interesting course.', 'Completed'),
(29, 101, 'Selenium WebDriver with Java -Basics to Advanced+Frameworks', 5, 'Great content! Learned a lot.', 'Completed'),
(29, 103, 'Selenium WebDriver with Java -Basics to Advanced+Frameworks', 3.5, 'Good quality course.', 'Completed'),
(29, 127, 'Selenium WebDriver with Java -Basics to Advanced+Frameworks', 3.5, 'This was a great course, great implementation and motivation ', 'Completed'),
(29, 167, 'Selenium WebDriver with Java -Basics to Advanced+Frameworks', 5, 'Great intro! The videos were fantastic and instructors very engaging.', 'Completed'),
(29, 170, 'Selenium WebDriver with Java -Basics to Advanced+Frameworks', 4.5, 'Very interesting course!', 'Completed'),
(29, 411, 'Selenium WebDriver with Java -Basics to Advanced+Frameworks', 5, 'great introduction course in algorithms', 'Completed'),
(29, 415, 'Selenium WebDriver with Java -Basics to Advanced+Frameworks', 4, 'Very good course. Enjoyed it greatly.', 'Completed'),
(29, 421, 'Selenium WebDriver with Java -Basics to Advanced+Frameworks', 5, 'Great course.', 'Completed'),
(29, 428, 'Selenium WebDriver with Java -Basics to Advanced+Frameworks', 4, 'Very solid course.', 'Completed'),
(29, 432, 'Selenium WebDriver with Java -Basics to Advanced+Frameworks', 5, 'Excellent Course. Very interesting.', 'Completed'),
(29, 462, 'Selenium WebDriver with Java -Basics to Advanced+Frameworks', 4, 'videos can be more interactive with more information on the slides.', 'Completed'),
(29, 467, 'Selenium WebDriver with Java -Basics to Advanced+Frameworks', 4, 'It was good learning experience and thus I will go for the next course.', 'Completed'),
(30, 29, 'The Complete Android & Java Developer Course - Build 21 Apps', 4.5, 'Have got a great insight towards new topics related to it.', 'Completed'),
(30, 32, 'The Complete Android & Java Developer Course - Build 21 Apps', 5, 'Great course. Can\'t wait for the next one to start', 'Completed'),
(30, 34, 'The Complete Android & Java Developer Course - Build 21 Apps', 4.5, 'Great Introduction thank you', 'Completed'),
(30, 56, 'The Complete Android & Java Developer Course - Build 21 Apps', 4.5, 'Very interesting course.', 'Completed'),
(30, 102, 'The Complete Android & Java Developer Course - Build 21 Apps', 4, 'wow all concetscleared.', 'Completed'),
(30, 105, 'The Complete Android & Java Developer Course - Build 21 Apps', 3.5, 'I think it should be a more engaged course with practical examples', 'Completed'),
(30, 127, 'The Complete Android & Java Developer Course - Build 21 Apps', 3.5, 'Got new thing to learn', 'Completed'),
(30, 128, 'The Complete Android & Java Developer Course - Build 21 Apps', 4.5, 'good introduction!!!', 'Completed'),
(30, 137, 'The Complete Android & Java Developer Course - Build 21 Apps', 4, 'Great course to start with this technology.', 'Completed'),
(30, 138, 'The Complete Android & Java Developer Course - Build 21 Apps', 4, 'a very good introductory course. ', 'Completed'),
(30, 170, 'The Complete Android & Java Developer Course - Build 21 Apps', 5, 'A very comprehensive and total introduction to basic concepts.', 'Completed'),
(30, 410, 'The Complete Android & Java Developer Course - Build 21 Apps', 4, 'great course, easy to understand!', 'Completed'),
(30, 414, 'The Complete Android & Java Developer Course - Build 21 Apps', 5, 'The course was very good. The content was explained well. The assignments were the best part. Looking forward to completing the second part of the course.', 'Completed'),
(30, 421, 'The Complete Android & Java Developer Course - Build 21 Apps', 3.5, 'Very helpful and detailed', 'Completed'),
(30, 428, 'The Complete Android & Java Developer Course - Build 21 Apps', 5, 'Great course!', 'Completed'),
(30, 432, 'The Complete Android & Java Developer Course - Build 21 Apps', 4.5, 'Very interesting course.', 'Completed'),
(30, 462, 'The Complete Android & Java Developer Course - Build 21 Apps', 5, 'Great course! Very informative!', 'Completed'),
(30, 467, 'The Complete Android & Java Developer Course - Build 21 Apps', 5, 'Very helpful.', 'Completed'),
(30, 473, 'The Complete Android & Java Developer Course - Build 21 Apps', 5, 'Great course! Very informative!', 'Completed'),
(31, 29, 'The Complete Android N Developer Course', 4.5, 'Excelent! Lots of information and really interesting ', 'Completed'),
(31, 58, 'The Complete Android N Developer Course', 4.5, 'I found this course was very interesting and a great learning tool and I am glad I would recommend this course to people.', 'Completed'),
(31, 99, 'The Complete Android N Developer Course', 4, 'Excellent course! Totally recommended!', 'Completed'),
(31, 109, 'The Complete Android N Developer Course', 3.5, 'Great course and very informative.', 'Completed'),
(31, 128, 'The Complete Android N Developer Course', 4, 'Very informative an approachable course.', 'Completed'),
(31, 129, 'The Complete Android N Developer Course', 4, 'The best course for beginners.', 'Completed'),
(31, 137, 'The Complete Android N Developer Course', 4.5, 'Great Introduction thank you', 'Completed'),
(31, 138, 'The Complete Android N Developer Course', 4, 'Good place to start if you don\'t know anything ', 'Completed'),
(31, 166, 'The Complete Android N Developer Course', 3, 'This course doesn\'t contain any new information.', 'Completed'),
(31, 412, 'The Complete Android N Developer Course', 4, 'Changed my way of thinking. Thank you!', 'Completed'),
(31, 416, 'The Complete Android N Developer Course', 4, 'This course is incredible.', 'Completed'),
(31, 418, 'The Complete Android N Developer Course', 3.5, 'very good course, and the assignments are very challenge', 'Completed'),
(31, 422, 'The Complete Android N Developer Course', 5, 'It makes the algorithms more simple and interesting.', 'Completed'),
(31, 425, 'The Complete Android N Developer Course', 3, 'there should be more problem statements for preparation', 'Completed'),
(31, 429, 'The Complete Android N Developer Course', 4, 'Fun, engaging, and clearly explained', 'Completed'),
(31, 433, 'The Complete Android N Developer Course', 5, 'Very good course.', 'Completed'),
(31, 437, 'The Complete Android N Developer Course', 4.5, 'The best.', 'Completed'),
(31, 442, 'The Complete Android N Developer Course', 5, 'Great course.', 'Completed'),
(31, 447, 'The Complete Android N Developer Course', 4, 'Very useful. This is the best course I\'ve had done in my school', 'Completed'),
(31, 453, 'The Complete Android N Developer Course', 5, 'Great course! Very informative!', 'Completed'),
(31, 458, 'The Complete Android N Developer Course', 3.5, 'very useful course', 'Completed'),
(31, 463, 'The Complete Android N Developer Course', 4.5, 'Great course! Very informative!', 'Completed'),
(31, 466, 'The Complete Android N Developer Course', 3.5, 'Very Educative.', 'Completed'),
(31, 468, 'The Complete Android N Developer Course', 4.5, 'I thought this was a great prerequisite!', 'Completed'),
(31, 471, 'The Complete Android N Developer Course', 4, 'Course is good for getting started with Data Analytics!', 'Completed'),
(32, 101, 'The Complete Android Oreo Developer Course - Build 23 Apps!', 4.5, 'I found this course was very interesting and a great learning ', 'Completed'),
(32, 138, 'The Complete Android Oreo Developer Course - Build 23 Apps!', 3.5, 'Very complete and extensive.The weeks actually take weeks to complete!', 'Completed'),
(32, 168, 'The Complete Android Oreo Developer Course - Build 23 Apps!', 4, 'Good experience to start with', 'Completed'),
(32, 411, 'The Complete Android Oreo Developer Course - Build 23 Apps!', 4, 'Excellent course', 'Completed'),
(32, 415, 'The Complete Android Oreo Developer Course - Build 23 Apps!', 5, 'Highly useful course and assignments. Professor teaches great techniques to writing a clean and concise code.', 'Completed'),
(32, 422, 'The Complete Android Oreo Developer Course - Build 23 Apps!', 5, 'Fantastic Free Course. A must seen for programmers.', 'Completed'),
(32, 429, 'The Complete Android Oreo Developer Course - Build 23 Apps!', 5, 'Great course! Very informative!', 'Completed'),
(32, 433, 'The Complete Android Oreo Developer Course - Build 23 Apps!', 4, 'Brilliant course.', 'Completed'),
(32, 463, 'The Complete Android Oreo Developer Course - Build 23 Apps!', 5, 'Great course! Very informative!', 'Completed'),
(32, 468, 'The Complete Android Oreo Developer Course - Build 23 Apps!', 5, 'Very good course.', 'Completed'),
(33, 30, 'Android Java Masterclass - Become an App Developer', 1.5, 'This course doesn\'t contain any new information.There are better ways to invest your time.', 'Completed'),
(33, 34, 'Android Java Masterclass - Become an App Developer', 4, 'a very good introductory course. ', 'Completed'),
(33, 59, 'Android Java Masterclass - Become an App Developer', 3.5, 'Excellent course , enjoyed learning ', 'Completed'),
(33, 103, 'Android Java Masterclass - Become an App Developer', 4, 'Course is comprehensive and detailed. But is a bit fast ', 'Completed'),
(33, 104, 'Android Java Masterclass - Become an App Developer', 4, 'A very great course for all IT person', 'Completed'),
(33, 106, 'Android Java Masterclass - Become an App Developer', 4, 'Excellent course. I completely enjoyed it. Thank you.', 'Completed'),
(33, 167, 'Android Java Masterclass - Become an App Developer', 5, 'Excellently framed course', 'Completed'),
(33, 169, 'Android Java Masterclass - Become an App Developer', 4.5, 'Great course. Can\'t wait for the next one to start', 'Completed'),
(33, 170, 'Android Java Masterclass - Become an App Developer', 5, 'Excellent course, really looking forward for the rest of the specialization!', 'Completed'),
(33, 371, 'Android Java Masterclass - Become an App Developer', 4.5, 'The material was good.', 'Completed'),
(33, 377, 'Android Java Masterclass - Become an App Developer', 4, 'Awesome explanation, very concise.', 'Completed'),
(33, 384, 'Android Java Masterclass - Become an App Developer', 5, 'Enjoyable course and challenging assignments !', 'Completed'),
(33, 391, 'Android Java Masterclass - Become an App Developer', 5, 'I used this course for recollection of what I learned at the uni long time ago.', 'Completed'),
(33, 397, 'Android Java Masterclass - Become an App Developer', 5, 'This course is a must do.Thanks Sirs, Thanks Coursera.', 'Completed'),
(33, 404, 'Android Java Masterclass - Become an App Developer', 4, 'One of the best courses on Coursera.', 'Completed'),
(33, 412, 'Android Java Masterclass - Become an App Developer', 3.5, 'Great course!Cons: too java oriented.', 'Completed'),
(33, 416, 'Android Java Masterclass - Become an App Developer', 5, 'Great course! Very informative!', 'Completed'),
(33, 419, 'Android Java Masterclass - Become an App Developer', 5, 'Great course! Very informative!', 'Completed'),
(33, 423, 'Android Java Masterclass - Become an App Developer', 4.5, 'This course is very helpful with me', 'Completed'),
(33, 425, 'Android Java Masterclass - Become an App Developer', 4, 'Amazing course from an inspiring instructor.', 'Completed'),
(33, 430, 'Android Java Masterclass - Become an App Developer', 3, 'Great course! Very informative!', 'Completed'),
(33, 434, 'Android Java Masterclass - Become an App Developer', 4.4, 'It was a terrific course, and I learnt a lot. The lectures were very interesting, and the assignments were engrossing.', 'Completed'),
(33, 435, 'Android Java Masterclass - Become an App Developer', 4, 'I learned so much from this course. Thank you. I will recommend it to all my friends.', 'Completed'),
(33, 438, 'Android Java Masterclass - Become an App Developer', 5, 'I really like this course.', 'Completed'),
(33, 440, 'Android Java Masterclass - Become an App Developer', 5, 'Excellent course.', 'Completed'),
(33, 443, 'Android Java Masterclass - Become an App Developer', 5, 'Excellent lectures with very structured yet interesting contents. The homeworks are very useful!', 'Completed'),
(33, 445, 'Android Java Masterclass - Become an App Developer', 2, 'Great lectures!', 'Completed'),
(33, 448, 'Android Java Masterclass - Become an App Developer', 4, 'Great course!', 'Completed'),
(33, 451, 'Android Java Masterclass - Become an App Developer', 3.5, 'Great course! Very informative!', 'Completed'),
(33, 453, 'Android Java Masterclass - Become an App Developer', 5, 'the professor is very kind. strongly recommend this course.', 'Completed'),
(33, 456, 'Android Java Masterclass - Become an App Developer', 4, 'Great!', 'Completed'),
(33, 456, 'Android Java Masterclass - Become an App Developer', 4, 'Simply Awesome.', 'Completed'),
(33, 458, 'Android Java Masterclass - Become an App Developer', 5, 'Great.', 'Completed'),
(33, 461, 'Android Java Masterclass - Become an App Developer', 3.5, 'Interesting material.', 'Completed'),
(33, 464, 'Android Java Masterclass - Become an App Developer', 4.5, 'Excellent course.', 'Completed'),
(33, 469, 'Android Java Masterclass - Become an App Developer', 3.5, 'very useful!', 'Completed'),
(33, 471, 'Android Java Masterclass - Become an App Developer', 4, 'Great course! Very informative!', 'Completed'),
(34, 35, 'The Complete Android & Java Developer Course - Build 21 Apps', 5, 'Thank you so much!', 'Completed'),
(34, 411, 'The Complete Android & Java Developer Course - Build 21 Apps', 4.5, 'It is very important course.', 'Completed'),
(34, 415, 'The Complete Android & Java Developer Course - Build 21 Apps', 5, 'complex concepts explained simply !', 'Completed'),
(34, 422, 'The Complete Android & Java Developer Course - Build 21 Apps', 4, 'Amazing experience. Well structured course with a lot of interesting information.', 'Completed'),
(34, 429, 'The Complete Android & Java Developer Course - Build 21 Apps', 3, 'Fantastic course, very appreciate for the Professor and all the contributors of this course. I have learnt so much!', 'Completed'),
(34, 432, 'The Complete Android & Java Developer Course - Build 21 Apps', 4, 'awesome introductory course.', 'Completed'),
(34, 463, 'The Complete Android & Java Developer Course - Build 21 Apps', 4.5, 'Great course with very practical real-life examples. Highly recomended', 'Completed'),
(34, 468, 'The Complete Android & Java Developer Course - Build 21 Apps', 3, 'Great course! Very informative!', 'Completed'),
(35, 49, 'The Complete React Native + Hooks Course [2019 Edition]', 3, 'It was exactly like the trainers said it would be like.', 'Completed'),
(35, 83, 'The Complete React Native + Hooks Course [2019 Edition]', 5, 'Thank you for this course, very good course.', 'Completed'),
(36, 106, 'React Native - The Practical Guide 2020', 4.5, 'Very Good Informative Course.!!', 'Completed'),
(36, 109, 'React Native - The Practical Guide 2020', 4, 'Excellent course , enjoyed learning ', 'Completed'),
(36, 168, 'React Native - The Practical Guide 2020', 4, '2 thumbs up learned something that I have never learnt before.', 'Completed'),
(36, 170, 'React Native - The Practical Guide 2020', 4, 'Nice introduction for absolute beginners. Very interesting interviews entrepreneurs.', 'Completed'),
(36, 413, 'React Native - The Practical Guide 2020', 4.5, 'Very Good Content Flow..Thank you.', 'Completed'),
(36, 417, 'React Native - The Practical Guide 2020', 3, 'great.hope i will continue to learn untill the end.', 'Completed'),
(36, 419, 'React Native - The Practical Guide 2020', 4, 'Great course! Very informative!', 'Completed'),
(36, 423, 'React Native - The Practical Guide 2020', 4, 'Excellent introduction to thinking formally about how to program effectively', 'Completed'),
(36, 426, 'React Native - The Practical Guide 2020', 4.5, 'Great course to learn or refresh the algorithmic core!', 'Completed'),
(36, 430, 'React Native - The Practical Guide 2020', 5, 'Great course! Very informative!', 'Completed'),
(36, 434, 'React Native - The Practical Guide 2020', 4.5, 'Challenging and interesting assignments. Recommend for those with basic programming background.', 'Completed'),
(36, 436, 'React Native - The Practical Guide 2020', 3.5, 'it\'s really a fantastic course!', 'Completed'),
(36, 438, 'React Native - The Practical Guide 2020', 4, 'This is an exceptional course - best I have seen, in fact. I\'m excited to take Part 2 (and buy the book).', 'Completed'),
(36, 441, 'React Native - The Practical Guide 2020', 4.5, 'Great course. I\'m really glad I took it.', 'Completed'),
(36, 443, 'React Native - The Practical Guide 2020', 4, 'Great, Thanks all', 'Completed'),
(36, 446, 'React Native - The Practical Guide 2020', 3.5, 'This is the best course for learning Algorithms', 'Completed'),
(36, 448, 'React Native - The Practical Guide 2020', 5, 'Exceptionally good.', 'Completed'),
(36, 451, 'React Native - The Practical Guide 2020', 5, 'The best fundamental data structure and algorithms course I have ever experienced.', 'Completed'),
(36, 454, 'React Native - The Practical Guide 2020', 4, 'Good course!', 'Completed'),
(36, 457, 'React Native - The Practical Guide 2020', 4, 'Great course! Very informative!', 'Completed'),
(36, 459, 'React Native - The Practical Guide 2020', 4, 'Great course! Very informative!', 'Completed'),
(36, 464, 'React Native - The Practical Guide 2020', 4, 'Good content.', 'Completed'),
(36, 469, 'React Native - The Practical Guide 2020', 5, 'Great course! Very informative!', 'Completed'),
(36, 471, 'React Native - The Practical Guide 2020', 5, 'Great course! Very informative!', 'Completed'),
(37, 85, 'Using Python to Access Web Data', 4, 'very interesting', 'Completed'),
(37, 155, 'Using Python to Access Web Data', 5, 'Excellent course and teachers. Congratulations!!', 'Completed'),
(37, 285, 'Using Python to Access Web Data', 2, 'Many of the weeks\' videos were out of order.', 'Completed'),
(37, 291, 'Using Python to Access Web Data', 5, 'This is realy helpfull and interesting.', 'Completed'),
(37, 297, 'Using Python to Access Web Data', 4, 'This whole course is so knowledge-giving.This course helps me to achieve my goal.', 'Completed'),
(37, 303, 'Using Python to Access Web Data', 5, 'Fantastic Course! Really well structured, lectures are really interesting and I have really enjoyed it!!', 'Completed'),
(37, 310, 'Using Python to Access Web Data', 2.5, 'The tutorials is not for average students, it takes a very high skill to understand them.', 'Completed'),
(37, 316, 'Using Python to Access Web Data', 3.5, 'Very much to the point, good course!', 'Completed'),
(37, 323, 'Using Python to Access Web Data', 5, 'A very interesting course and I\'m at the beginning of this course and already have learned a lot about', 'Completed'),
(37, 329, 'Using Python to Access Web Data', 4, 'This whole course is so knowledge-giving.This course helps me to achieve my goal.', 'Completed'),
(37, 336, 'Using Python to Access Web Data', 4.5, 'Great course !', 'Completed'),
(37, 342, 'Using Python to Access Web Data', 4, 'Fantastic Course! Really well structured, lectures are really interesting and I have really enjoyed it!!', 'Completed'),
(37, 348, 'Using Python to Access Web Data', 5, 'The material was good.', 'Completed'),
(37, 354, 'Using Python to Access Web Data', 4.5, 'This is an excellent course and I have enjoyed listening and reading everything it has to offer.', 'Completed'),
(37, 360, 'Using Python to Access Web Data', 2, 'It was a horrible experience.I did not like the course.', 'Completed'),
(37, 364, 'Using Python to Access Web Data', 3.5, 'Very much to the point, good course!', 'Completed'),
(37, 367, 'Using Python to Access Web Data', 4, 'Very good course. Learn a lot.', 'Completed'),
(37, 372, 'Using Python to Access Web Data', 4, 'great course', 'Completed'),
(37, 380, 'Using Python to Access Web Data', 5, 'Great course', 'Completed'),
(37, 386, 'Using Python to Access Web Data', 4.5, 'Really exceptional course. Thank you so much for making this available for free.', 'Completed'),
(37, 393, 'Using Python to Access Web Data', 3.5, 'Very applicable algorithms course!', 'Completed'),
(37, 400, 'Using Python to Access Web Data', 5, 'Great course thanks!', 'Completed'),
(37, 406, 'Using Python to Access Web Data', 4, 'Great course, benefit a lot ! And I will absolutely continue learning algorithms, Part II.', 'Completed'),
(38, 12, 'Applied Text Mining in Python', 4.5, 'Very Good Informative Course.!!', 'Completed'),
(38, 14, 'Applied Text Mining in Python', 5, 'well explained need more courses on it', 'Completed'),
(38, 24, 'Applied Text Mining in Python', 5, 'I like the course its easily explained.', 'Completed'),
(38, 51, 'Applied Text Mining in Python', 5, 'This first course has been an excellent overview of the field. Easy to follow and brought everything into perspective . Eagerly looking forward to the next course.', 'Completed'),
(38, 64, 'Applied Text Mining in Python', 5, 'good overview what you can do with this amazing technology.', 'Completed'),
(38, 73, 'Applied Text Mining in Python', 5, 'Great course. A must for every individual who has some idea about it and even if you don\'t, team will guide you throughout this wonderful technique.', 'Completed'),
(38, 143, 'Applied Text Mining in Python', 5, 'I can\'t just not to rate this as I really enjoyed it to the max', 'Completed'),
(38, 146, 'Applied Text Mining in Python', 4, 'Very good introduction to the subject, instructor never looses the attention with new topics and examples.', 'Completed'),
(38, 161, 'Applied Text Mining in Python', 5, 'course with real world examples that let you understand the potential emerging technology.', 'Completed'),
(38, 163, 'Applied Text Mining in Python', 5, 'good overview what you can do with this amazing technology.', 'Completed'),
(38, 164, 'Applied Text Mining in Python', 2.5, 'This session was too long and a little boring. Could be shorter with the related contents.', 'Completed'),
(38, 190, 'Applied Text Mining in Python', 5, 'Great course - I recommend it for all, especially IT !', 'Completed'),
(38, 223, 'Applied Text Mining in Python', 5, 'The best  course I took so far! The instructor has a good pedagogic approach -- for every problem he discusses, he starts with an intuitive explanation illustrated on a simple example, and afterwards provides a rather rigorous justification for the problem.', 'Completed'),
(38, 235, 'Applied Text Mining in Python', 5, 'Awesome course, excelent material, great classes.', 'Completed'),
(38, 238, 'Applied Text Mining in Python', 4.5, 'Great course! Very touching and devoted instructor.', 'Completed'),
(38, 256, 'Applied Text Mining in Python', 4.5, 'Good learning', 'Completed'),
(38, 261, 'Applied Text Mining in Python', 3, 'very easy to follow', 'Completed'),
(38, 281, 'Applied Text Mining in Python', 4.5, 'It\'s challenging but interesting.', 'Completed'),
(38, 537, 'Applied Text Mining in Python', 5, 'Excellent Course. Very interesting.', 'Completed'),
(38, 548, 'Applied Text Mining in Python', 4, 'Great course! Very informative!', 'Completed'),
(38, 549, 'Applied Text Mining in Python', 4.5, 'Great course! Very informative!', 'Completed'),
(38, 558, 'Applied Text Mining in Python', 4.5, 'Great course with very practical real-life examples. Highly recomended', 'Completed'),
(38, 564, 'Applied Text Mining in Python', 4.4, 'Great course! Very informative!', 'Completed'),
(39, 12, 'Mathematics for Machine Learning Specialization', 4, 'Excellent course. I completely enjoyed it. Thank you.', 'Completed'),
(39, 14, 'Mathematics for Machine Learning Specialization', 4, 'Excellent course , enjoyed learning ', 'Completed'),
(39, 27, 'Mathematics for Machine Learning Specialization', 5, 'This was a great course! ', 'Completed'),
(39, 55, 'Mathematics for Machine Learning Specialization', 4, 'Great course information and content ! Very interesting !', 'Completed'),
(39, 73, 'Mathematics for Machine Learning Specialization', 4, 'good introduction.', 'Completed'),
(39, 94, 'Mathematics for Machine Learning Specialization', 4, 'Super content. I\'ll definitely re-do the course', 'Completed'),
(39, 96, 'Mathematics for Machine Learning Specialization', 3.5, 'All good content.', 'Completed'),
(39, 146, 'Mathematics for Machine Learning Specialization', 4, 'good', 'Completed'),
(39, 161, 'Mathematics for Machine Learning Specialization', 4.5, 'This course is very interesting, enlightening and a wonderful introduction especially for learners with no prior experience.', 'Completed'),
(39, 164, 'Mathematics for Machine Learning Specialization', 3, 'I do not find very interesting this course.', 'Completed'),
(39, 175, 'Mathematics for Machine Learning Specialization', 4.5, 'It\'s fantastic', 'Completed'),
(39, 238, 'Mathematics for Machine Learning Specialization', 4, 'The professor was extremely knowledgeable and clear.', 'Completed'),
(39, 240, 'Mathematics for Machine Learning Specialization', 5, 'Great Course!', 'Completed'),
(39, 281, 'Mathematics for Machine Learning Specialization', 5, 'Super interesting course, I have never seen in my lifetime.Watch it.', 'Completed'),
(39, 538, 'Mathematics for Machine Learning Specialization', 4.4, 'It was a terrific course, and I learnt a lot. The lectures were very interesting, and the assignments were engrossing.', 'Completed'),
(39, 539, 'Mathematics for Machine Learning Specialization', 5, 'Extremely well designed course.', 'Completed'),
(42, 11, 'Neural Networks and Deep Learning', 4.5, 'Excellent overview use and how it may be used in the future.', 'Completed'),
(42, 12, 'Neural Networks and Deep Learning', 4.5, 'It opened up my understanding of what could be accomplished.', 'Completed'),
(42, 14, 'Neural Networks and Deep Learning', 5, 'basic things are cleared.', 'Completed'),
(42, 53, 'Neural Networks and Deep Learning', 5, 'Excellent course and teachers. Congratulations!!', 'Completed'),
(42, 66, 'Neural Networks and Deep Learning', 4, 'good introduction!!!', 'Completed'),
(42, 74, 'Neural Networks and Deep Learning', 4.5, 'Great introduction', 'Completed'),
(42, 77, 'Neural Networks and Deep Learning', 4, 'Simply very interesting.', 'Completed'),
(42, 111, 'Neural Networks and Deep Learning', 4, 'It should be merged with course 1', 'Completed'),
(42, 115, 'Neural Networks and Deep Learning', 2.5, 'It should be less repetitive and full of useful informations about applications.', 'Completed'),
(42, 176, 'Neural Networks and Deep Learning', 4, 'It\'s a very good course.', 'Completed'),
(42, 190, 'Neural Networks and Deep Learning', 3, 'The course content is quite good, though it could have been deeper in some areas.', 'Completed'),
(42, 199, 'Neural Networks and Deep Learning', 3, 'A lot of speaking without any sense. Skip it at all cost', 'Completed'),
(42, 203, 'Neural Networks and Deep Learning', 3.5, '2 thumbs up learned something that I have never learnt before.', 'Completed'),
(42, 204, 'Neural Networks and Deep Learning', 3.5, 'Thank you so much!', 'Completed'),
(42, 214, 'Neural Networks and Deep Learning', 4.5, 'It\'s fantastic', 'Completed'),
(42, 218, 'Neural Networks and Deep Learning', 5, 'Thank you for this course, very good course.', 'Completed'),
(42, 222, 'Neural Networks and Deep Learning', 4.5, 'This whole course is so knowledge-giving.This course helps me to achieve my goal.', 'Completed'),
(42, 235, 'Neural Networks and Deep Learning', 5, 'Good learning', 'Completed'),
(42, 258, 'Neural Networks and Deep Learning', 4, 'The material was good.', 'Completed'),
(42, 259, 'Neural Networks and Deep Learning', 4, 'I love the way this professor talk about events. I learned so much.', 'Completed'),
(42, 550, 'Neural Networks and Deep Learning', 4, 'Loved it.', 'Completed'),
(42, 552, 'Neural Networks and Deep Learning', 4.5, 'Great course.', 'Completed'),
(43, 14, 'IBM Data Science Professional Certification', 3.5, 'Great course and very informative.', 'Completed'),
(43, 52, 'IBM Data Science Professional Certification', 5, 'good and interesting', 'Completed'),
(43, 54, 'IBM Data Science Professional Certification', 3.5, 'Very interesting and well-designed!', 'Completed'),
(43, 66, 'IBM Data Science Professional Certification', 1.5, 'A lot of speaking without any sense. Skip it at all cost', 'Completed'),
(43, 67, 'IBM Data Science Professional Certification', 3, 'This course doesn\'t contain any new information.', 'Completed'),
(43, 68, 'IBM Data Science Professional Certification', 5, 'Great intro! The videos were fantastic and instructors very engaging.', 'Completed'),
(43, 77, 'IBM Data Science Professional Certification', 4.5, 'It\'s fantastic', 'Completed'),
(43, 96, 'IBM Data Science Professional Certification', 5, 'Very relevant and useful course made.', 'Completed'),
(43, 111, 'IBM Data Science Professional Certification', 4.5, 'course with real world examples that let you understand technology.', 'Completed'),
(43, 115, 'IBM Data Science Professional Certification', 5, 'Very good inspirational examples.', 'Completed'),
(43, 118, 'IBM Data Science Professional Certification', 2, 'This session was too long and a little boring. Could be shorter with the related contents.', 'Completed'),
(43, 144, 'IBM Data Science Professional Certification', 4, 'Great course delivery by the instructor! Great opportunity to meet great people! ', 'Completed'),
(43, 145, 'IBM Data Science Professional Certification', 4.5, 'Mind-blowing course!', 'Completed'),
(43, 162, 'IBM Data Science Professional Certification', 4, 'If you are interested in having a deeper insight of this technology, I recommend this course.', 'Completed'),
(43, 176, 'IBM Data Science Professional Certification', 4, 'It was a perfect introductory course for those who really want to learn something. I loved it..', 'Completed'),
(43, 199, 'IBM Data Science Professional Certification', 4.5, 'Great course!', 'Completed'),
(43, 203, 'IBM Data Science Professional Certification', 4.5, 'Great course. Can\'t wait for the next one to start', 'Completed'),
(43, 209, 'IBM Data Science Professional Certification', 4, 'a very good overview that makes you long for', 'Completed'),
(43, 218, 'IBM Data Science Professional Certification', 4, 'Good information but way too short for what Hipaas charges.', 'Completed'),
(43, 235, 'IBM Data Science Professional Certification', 4, 'Useful refresher!', 'Completed'),
(43, 237, 'IBM Data Science Professional Certification', 5, 'I love how clear the videos (and notes) are and re-watching them really helped a lot!', 'Completed'),
(43, 258, 'IBM Data Science Professional Certification', 3.5, 'Wonderful course !', 'Completed'),
(43, 480, 'IBM Data Science Professional Certification', 4, 'Amazing course!', 'Completed'),
(43, 481, 'IBM Data Science Professional Certification', 5, 'Great course! Very informative!', 'Completed'),
(43, 484, 'IBM Data Science Professional Certification', 2, 'good course', 'Completed'),
(43, 485, 'IBM Data Science Professional Certification', 3.5, 'Great Course.', 'Completed'),
(43, 489, 'IBM Data Science Professional Certification', 3.5, 'Very informative and a good start to continue on to the next courses', 'Completed'),
(43, 490, 'IBM Data Science Professional Certification', 5, 'excellent course, a must for all CS students or any one else who is interested in programming', 'Completed'),
(43, 491, 'IBM Data Science Professional Certification', 3, 'Very good course, and tough too, you need good amount of efforts everyday.', 'Completed'),
(43, 494, 'IBM Data Science Professional Certification', 5, 'Enjoyable course and challenging assignments !', 'Completed'),
(43, 496, 'IBM Data Science Professional Certification', 4.5, 'Really exceptional course. Thank you so much for making this available for free.', 'Completed'),
(43, 499, 'IBM Data Science Professional Certification', 4.5, 'It\'s a really great course with clear lectures and pretty practical homework. Highly recommended!', 'Completed'),
(43, 505, 'IBM Data Science Professional Certification', 4.5, 'Very helpful! Pretty challenging assignments and well organized lectures. Looking forward to the second part!', 'Completed'),
(43, 509, 'IBM Data Science Professional Certification', 4.5, 'An excellent course. I have learnt a huge amount about algorithms. Really, really good!!', 'Completed'),
(43, 511, 'IBM Data Science Professional Certification', 3.5, 'Strongly recommended!', 'Completed'),
(43, 513, 'IBM Data Science Professional Certification', 4, 'This is the best algorithms course i have ever seen before. The homework assignments are fantastic.', 'Completed'),
(43, 517, 'IBM Data Science Professional Certification', 3.5, 'Great course! Very informative!', 'Completed'),
(43, 519, 'IBM Data Science Professional Certification', 5, 'great introduction course in algorithms', 'Completed'),
(43, 523, 'IBM Data Science Professional Certification', 4, 'Very good course. Enjoyed it greatly.', 'Completed'),
(43, 527, 'IBM Data Science Professional Certification', 3, 'Great course to understand algorithms!', 'Completed'),
(43, 531, 'IBM Data Science Professional Certification', 2, 'That is a great course', 'Completed'),
(43, 533, 'IBM Data Science Professional Certification', 4.5, 'Brilliant!', 'Completed'),
(43, 542, 'IBM Data Science Professional Certification', 3, 'Great course! Very informative!', 'Completed'),
(43, 546, 'IBM Data Science Professional Certification', 3, 'There is very informative course. It has understandable explanation of algorithms and data structures.', 'Completed'),
(43, 555, 'IBM Data Science Professional Certification', 5, 'Great.', 'Completed'),
(43, 556, 'IBM Data Science Professional Certification', 4, 'Excellent beginning for some one who wants to understands algorithms.', 'Completed'),
(43, 558, 'IBM Data Science Professional Certification', 5, 'Great course! Very informative!', 'Completed'),
(43, 561, 'IBM Data Science Professional Certification', 5, 'Very good course.', 'Completed'),
(43, 562, 'IBM Data Science Professional Certification', 5, 'Great course! Very informative!', 'Completed'),
(44, 11, 'Applied Machine Learning in Python', 4, 'A very great course for all IT person', 'Completed'),
(44, 25, 'Applied Machine Learning in Python', 1, 'I thought this was a great high-level but it was worst.', 'Completed'),
(44, 74, 'Applied Machine Learning in Python', 5, 'Mind-blowing course!', 'Completed'),
(44, 77, 'Applied Machine Learning in Python', 4, 'Good information but way too short for what Hipaas charges.', 'Completed'),
(44, 115, 'Applied Machine Learning in Python', 4, 'Great course. It provided a great degree of knowledge about applications and the design process.', 'Completed'),
(44, 153, 'Applied Machine Learning in Python', 4.5, 'Excellent course! understanding this powerful technology!', 'Completed'),
(44, 164, 'Applied Machine Learning in Python', 4, 'Great content, I still need to go over it to glean the wealth of information that has been put together here.', 'Completed'),
(44, 183, 'Applied Machine Learning in Python', 4, 'very interesting', 'Completed'),
(44, 203, 'Applied Machine Learning in Python', 3, 'Not according what I expected', 'Completed'),
(44, 218, 'Applied Machine Learning in Python', 4, 'a very good overview that makes you long for', 'Completed'),
(44, 237, 'Applied Machine Learning in Python', 3.5, 'Very much to the point, good course!', 'Completed'),
(44, 254, 'Applied Machine Learning in Python', 5, 'Good learning', 'Completed'),
(44, 544, 'Applied Machine Learning in Python', 5, 'Excellent lectures with very structured yet interesting contents. The homeworks are very useful!', 'Completed'),
(44, 546, 'Applied Machine Learning in Python', 2, 'Great lectures!', 'Completed'),
(44, 547, 'Applied Machine Learning in Python', 3, 'Did this course second time but still felt i learned a lot new. Amazing work in creating the course so educative and structured.', 'Completed'),
(44, 549, 'Applied Machine Learning in Python', 4, 'This course is helpful', 'Completed'),
(44, 550, 'Applied Machine Learning in Python', 5, 'The best fundamental data structure and algorithms course I have ever experienced.', 'Completed'),
(44, 557, 'Applied Machine Learning in Python', 5, 'Great course! Very informative!', 'Completed'),
(44, 560, 'Applied Machine Learning in Python', 5, 'Great course! Very informative!', 'Completed'),
(44, 568, 'Applied Machine Learning in Python', 3.5, 'I thought this was a great prerequisite!', 'Completed'),
(44, 569, 'Applied Machine Learning in Python', 3.5, 'Excellent Course.', 'Completed'),
(44, 572, 'Applied Machine Learning in Python', 3, 'Great first course', 'Completed'),
(45, 11, 'Applied Data Science with Python Specialization', 3.5, 'I think it should be a more engaged course with practical examples', 'Completed'),
(45, 26, 'Applied Data Science with Python Specialization', 4, 'Very informative an approachable course.', 'Completed');
INSERT INTO `course_enrolled` (`c_id`, `u_id`, `course_name`, `rating`, `feedback`, `status`) VALUES
(45, 27, 'Applied Data Science with Python Specialization', 4, 'Thanks for the course! ', 'Completed'),
(45, 36, 'Applied Data Science with Python Specialization', 3, 'Very interesting course!', 'Completed'),
(45, 74, 'Applied Data Science with Python Specialization', 4, 'Good introductory course, just a little bit to short for my like.', 'Completed'),
(45, 96, 'Applied Data Science with Python Specialization', 4.5, 'Very structured approach. Thank you for sharing with me.', 'Completed'),
(45, 153, 'Applied Data Science with Python Specialization', 5, 'This first course has been an excellent overview of the field. Easy to follow and brought everything into perspective . Eagerly looking forward to the next course.', 'Completed'),
(45, 184, 'Applied Data Science with Python Specialization', 1, 'It was a horrible experience.I did not like the course.', 'Completed'),
(45, 196, 'Applied Data Science with Python Specialization', 4.5, 'Great information and videos. Ready for the next step.', 'Completed'),
(45, 204, 'Applied Data Science with Python Specialization', 5, 'Very interesting course!', 'Completed'),
(45, 210, 'Applied Data Science with Python Specialization', 4, 'Good information but way too short for what Hipaas charges.', 'Completed'),
(45, 214, 'Applied Data Science with Python Specialization', 4, 'a very good overview that makes you long for', 'Completed'),
(45, 222, 'Applied Data Science with Python Specialization', 5, 'Well done, made a very difficult topic accessible.', 'Completed'),
(45, 227, 'Applied Data Science with Python Specialization', 5, 'I love the way this professor talk about events. I learned so much.', 'Completed'),
(45, 254, 'Applied Data Science with Python Specialization', 4, 'The professor is very comfortable lecturing in front of a camera, which makes it quite easy to follow the lectures and what he is explaining.', 'Completed'),
(45, 478, 'Applied Data Science with Python Specialization', 5, 'Great course! Very informative!', 'Completed'),
(45, 479, 'Applied Data Science with Python Specialization', 3.5, 'Excellent Course.', 'Completed'),
(45, 480, 'Applied Data Science with Python Specialization', 4, 'Great course! Very informative!', 'Completed'),
(45, 481, 'Applied Data Science with Python Specialization', 4, 'good course', 'Completed'),
(45, 489, 'Applied Data Science with Python Specialization', 4.5, 'Great first course', 'Completed'),
(45, 491, 'Applied Data Science with Python Specialization', 4, 'Awesome course', 'Completed'),
(45, 495, 'Applied Data Science with Python Specialization', 4.5, 'Great course! Very informative!', 'Completed'),
(45, 496, 'Applied Data Science with Python Specialization', 5, 'One of the best courses I\'ve taken so far.', 'Completed'),
(45, 499, 'Applied Data Science with Python Specialization', 4, 'Absolutely wonderful course!', 'Completed'),
(45, 503, 'Applied Data Science with Python Specialization', 4.5, 'Excellent course. well rounded.', 'Completed'),
(45, 508, 'Applied Data Science with Python Specialization', 2, 'Great course! Very informative!', 'Completed'),
(45, 514, 'Applied Data Science with Python Specialization', 4, 'Great course, assignments and job interview questions are the best part of it', 'Completed'),
(45, 517, 'Applied Data Science with Python Specialization', 4, 'Good start course for digging into cs world', 'Completed'),
(45, 519, 'Applied Data Science with Python Specialization', 4, 'great course, easy to understand!', 'Completed'),
(45, 521, 'Applied Data Science with Python Specialization', 3, 'My programming skills reached new heights. Thank you!', 'Completed'),
(45, 523, 'Applied Data Science with Python Specialization', 5, 'The course was very good. The content was explained well. The assignments were the best part. Looking forward to completing the second part of the course.', 'Completed'),
(45, 525, 'Applied Data Science with Python Specialization', 3.5, 'Wonderful couse for computer scientists.', 'Completed'),
(45, 528, 'Applied Data Science with Python Specialization', 4, 'Very interesting and not so hard.', 'Completed'),
(45, 532, 'Applied Data Science with Python Specialization', 3.5, 'Very interesting course !', 'Completed'),
(45, 534, 'Applied Data Science with Python Specialization', 4, 'Great course! Very informative!', 'Completed'),
(45, 537, 'Applied Data Science with Python Specialization', 4.5, 'Very interesting course.', 'Completed'),
(45, 538, 'Applied Data Science with Python Specialization', 5, 'Very good course.', 'Completed'),
(45, 540, 'Applied Data Science with Python Specialization', 5, 'The course lost a lot without tests. Theory is great.', 'Completed'),
(45, 541, 'Applied Data Science with Python Specialization', 4, 'This is an exceptional course - best I have seen, in fact. I\'m excited to take Part 2 (and buy the book).', 'Completed'),
(45, 544, 'Applied Data Science with Python Specialization', 5, 'Great course.', 'Completed'),
(45, 552, 'Applied Data Science with Python Specialization', 3, 'It makes me learn so much,thank you so much.', 'Completed'),
(45, 555, 'Applied Data Science with Python Specialization', 3.5, 'very useful course', 'Completed'),
(45, 562, 'Applied Data Science with Python Specialization', 3.5, 'very useful!', 'Completed'),
(46, 12, 'Python for Everybody Specialization', 4.5, 'Very well course.', 'Completed'),
(46, 24, 'Python for Everybody Specialization', 4.5, 'Very helpful videos that really takes you in full understanding.', 'Completed'),
(46, 27, 'Python for Everybody Specialization', 4, 'The best course for beginners.', 'Completed'),
(46, 52, 'Python for Everybody Specialization', 4.5, 'Excellent course! understanding this powerful technology!', 'Completed'),
(46, 55, 'Python for Everybody Specialization', 4.5, 'Great course - I recommend it for all, especially IT !', 'Completed'),
(46, 64, 'Python for Everybody Specialization', 4, 'Great course. It provided a great degree of knowledge about applications and the design process.', 'Completed'),
(46, 74, 'Python for Everybody Specialization', 4.5, 'Do not hesitate to enroll, it\'s a brain storming course & I like the way of the teaching here!', 'Completed'),
(46, 143, 'Python for Everybody Specialization', 4, 'Good introductory course, just a little bit to short for my like.', 'Completed'),
(46, 153, 'Python for Everybody Specialization', 5, 'Great course', 'Completed'),
(46, 176, 'Python for Everybody Specialization', 4.5, 'Thank you for this course, very good course.', 'Completed'),
(46, 184, 'Python for Everybody Specialization', 5, 'Thank you for this course, very good course.', 'Completed'),
(46, 189, 'Python for Everybody Specialization', 5, 'Excellent course and teachers. Congratulations!!', 'Completed'),
(46, 190, 'Python for Everybody Specialization', 5, 'One of the most useful course!', 'Completed'),
(46, 193, 'Python for Everybody Specialization', 5, 'I found this course was very interesting and a great learning tool and I am glad I would recommend this course to people.', 'Completed'),
(46, 196, 'Python for Everybody Specialization', 4.5, 'This course is very interesting, enlightening and a wonderful introduction especially for learners with no prior experience.', 'Completed'),
(46, 199, 'Python for Everybody Specialization', 2.5, 'This session was too long and a little boring. Could be shorter with the related contents.', 'Completed'),
(46, 204, 'Python for Everybody Specialization', 4, 'A very comprehensive and total introduction to basic concepts.', 'Completed'),
(46, 209, 'Python for Everybody Specialization', 3.5, 'Simply very interesting.', 'Completed'),
(46, 210, 'Python for Everybody Specialization', 5, 'Thank you for this course, very good course.', 'Completed'),
(46, 214, 'Python for Everybody Specialization', 4.5, 'Great course! The fundamentals were covered and I am excited to take the next course.', 'Completed'),
(46, 222, 'Python for Everybody Specialization', 4, 'good and interesting', 'Completed'),
(46, 223, 'Python for Everybody Specialization', 4.5, 'good overview what you can do with this amazing technology.', 'Completed'),
(46, 227, 'Python for Everybody Specialization', 5, 'Tutor does an excellent job explaining things at depth and at the same time keeping things interesting.And there is a wealth of advanced/optional material for the curious.', 'Completed'),
(46, 254, 'Python for Everybody Specialization', 4, 'Great Course!', 'Completed'),
(46, 258, 'Python for Everybody Specialization', 4.5, 'Well done!!!! That is the first course I have finished!!!!', 'Completed'),
(46, 259, 'Python for Everybody Specialization', 5, 'good overview what you can do with this amazing technology.', 'Completed'),
(46, 280, 'Python for Everybody Specialization', 3.5, 'The material was a little light and far fewer video quiz questions to test our understanding of the material. ', 'Completed'),
(46, 536, 'Python for Everybody Specialization', 3, 'Great course! Very informative!', 'Completed'),
(46, 538, 'Python for Everybody Specialization', 4, 'Brilliant course.', 'Completed'),
(46, 544, 'Python for Everybody Specialization', 4, 'Great course! Very informative!', 'Completed'),
(46, 546, 'Python for Everybody Specialization', 4.5, 'Would be great to have a certificate', 'Completed'),
(46, 559, 'Python for Everybody Specialization', 4.5, 'Excellent course.', 'Completed'),
(46, 565, 'Python for Everybody Specialization', 3, 'Great course! Very informative!', 'Completed'),
(46, 570, 'Python for Everybody Specialization', 5, 'Course is good for getting started with Data Analytics!', 'Completed'),
(49, 23, 'Clinical Natural Language Processing', 4, 'unexpected course full in-deep', 'Completed'),
(49, 28, 'Clinical Natural Language Processing', 4, 'Gives a nice over view about concept.', 'Completed'),
(49, 53, 'Clinical Natural Language Processing', 4.5, 'Super content. I\'ll definitely re-do the course', 'Completed'),
(49, 69, 'Clinical Natural Language Processing', 5, 'Excellently framed course', 'Completed'),
(49, 75, 'Clinical Natural Language Processing', 4, 'Eye and mind opening course.', 'Completed'),
(49, 97, 'Clinical Natural Language Processing', 2, 'Videos that are presented in French could\'ve been translated to English.', 'Completed'),
(49, 144, 'Clinical Natural Language Processing', 5, 'great opportunities to study with you', 'Completed'),
(49, 145, 'Clinical Natural Language Processing', 4.5, 'I like the course. Pretty concise and straight forward. Highly recommended.', 'Completed'),
(49, 175, 'Clinical Natural Language Processing', 4, 'Good information but way too short for what Hipaas charges.', 'Completed'),
(49, 177, 'Clinical Natural Language Processing', 4, 'Very good course but videos sometimes too long', 'Completed'),
(49, 178, 'Clinical Natural Language Processing', 4.4, 'The best course for beginners.', 'Completed'),
(49, 184, 'Clinical Natural Language Processing', 4, 'Good information but way too short for what Hipaas charges.', 'Completed'),
(49, 189, 'Clinical Natural Language Processing', 4, 'One of the excellent courses at Hipaas for information technology.', 'Completed'),
(49, 193, 'Clinical Natural Language Processing', 4.5, 'Excellent course. I completely enjoyed it. Thank you Sagar and team.', 'Completed'),
(49, 196, 'Clinical Natural Language Processing', 4, 'If you are interested in having a deeper insight of this technology, I recommend this course.', 'Completed'),
(49, 205, 'Clinical Natural Language Processing', 5, 'Very nice introduction! I love it!', 'Completed'),
(49, 206, 'Clinical Natural Language Processing', 4.5, 'Do not hesitate to enroll, it\'s a brain storming course & I like the way of the teaching here!', 'Completed'),
(49, 221, 'Clinical Natural Language Processing', 2, 'This course doesn\'t contain any new information. It does not teach you but just excitedly shows commonly known facts.There are better ways to invest your time.', 'Completed'),
(49, 225, 'Clinical Natural Language Processing', 5, 'Awesome course, excelent material, great classes.', 'Completed'),
(49, 226, 'Clinical Natural Language Processing', 4, 'Very much to the point, good course!', 'Completed'),
(49, 236, 'Clinical Natural Language Processing', 5, 'I enjoyed this course, it was more challenging than the first one in the sequence.', 'Completed'),
(49, 540, 'Clinical Natural Language Processing', 3.5, 'it\'s really a fantastic course!', 'Completed'),
(49, 542, 'Clinical Natural Language Processing', 5, 'very useful', 'Completed'),
(49, 543, 'Clinical Natural Language Processing', 4.5, 'Great course. I\'m really glad I took it.', 'Completed'),
(49, 547, 'Clinical Natural Language Processing', 4.5, 'very nice!It will be better if we can be offered some quiz and feedback,not only coding assignment.', 'Completed'),
(49, 549, 'Clinical Natural Language Processing', 3.5, 'Outstanding!', 'Completed'),
(49, 552, 'Clinical Natural Language Processing', 5, 'Challenging.', 'Completed'),
(49, 556, 'Clinical Natural Language Processing', 4.5, 'In one word, It\'s awesome course', 'Completed'),
(50, 26, 'Creating Dashboards and Storytelling with Tableau', 3.5, 'This was a great course, great implementation and motivation ', 'Completed'),
(50, 66, 'Creating Dashboards and Storytelling with Tableau', 4, 'Good content, but the course setting does (at least for me) not allow learn the content long term due to missing reading material.', 'Completed'),
(50, 67, 'Creating Dashboards and Storytelling with Tableau', 5, 'Very helpful videos that really takes you into the real world', 'Completed'),
(50, 75, 'Creating Dashboards and Storytelling with Tableau', 4.5, 'Very good introduction to the subject, instructor never looses the attention with new topics and examples.', 'Completed'),
(50, 76, 'Creating Dashboards and Storytelling with Tableau', 4.5, 'a very good overview that makes you long for', 'Completed'),
(50, 98, 'Creating Dashboards and Storytelling with Tableau', 4, 'Excellent course, for me it was very rewarding and the terms used and the tools given were excellent.', 'Completed'),
(50, 144, 'Creating Dashboards and Storytelling with Tableau', 4.5, 'Great course to start the journy', 'Completed'),
(50, 177, 'Creating Dashboards and Storytelling with Tableau', 3, 'week 1 and 2 were kind of boring, but maybe necessary; weeks 3 and 4 were more interesting.', 'Completed'),
(50, 206, 'Creating Dashboards and Storytelling with Tableau', 3, 'good introduction.', 'Completed'),
(50, 212, 'Creating Dashboards and Storytelling with Tableau', 4, 'Thanks for your help.', 'Completed'),
(50, 221, 'Creating Dashboards and Storytelling with Tableau', 3.5, 'Many of the weeks\' videos were out of order.', 'Completed'),
(50, 225, 'Creating Dashboards and Storytelling with Tableau', 4, 'This whole course is so knowledge-giving.This course helps me to achieve my goal.', 'Completed'),
(50, 255, 'Creating Dashboards and Storytelling with Tableau', 5, 'I enjoyed this course, it was more challenging than the first one in the sequence.', 'Completed'),
(50, 260, 'Creating Dashboards and Storytelling with Tableau', 4.5, 'This is great course', 'Completed'),
(50, 262, 'Creating Dashboards and Storytelling with Tableau', 5, 'Awesome course, excelent material, great classes.', 'Completed'),
(50, 263, 'Creating Dashboards and Storytelling with Tableau', 5, 'Great course! Very touching and devoted instructor.', 'Completed'),
(50, 268, 'Creating Dashboards and Storytelling with Tableau', 3.5, 'The course was great, the material is excelent, the assignements interesting and challenging. I really liked this course and am getting ready for the next one on the series.', 'Completed'),
(50, 541, 'Creating Dashboards and Storytelling with Tableau', 4.5, 'The best.', 'Completed'),
(51, 413, 'Running a Mobile App Dev Business: The Complete Guide', 3, 'My programming skills reached new heights. Thank you!', 'Completed'),
(51, 417, 'Running a Mobile App Dev Business: The Complete Guide', 4.5, 'A gorgeous cource! I\'ve enjoyed while studying.I learned a lot of new.Thanks!', 'Completed'),
(51, 419, 'Running a Mobile App Dev Business: The Complete Guide', 3, 'Great course to understand algorithms!', 'Completed'),
(51, 424, 'Running a Mobile App Dev Business: The Complete Guide', 2, 'That is a great course', 'Completed'),
(51, 426, 'Running a Mobile App Dev Business: The Complete Guide', 5, 'Great course! Very informative!', 'Completed'),
(51, 430, 'Running a Mobile App Dev Business: The Complete Guide', 4.5, 'Excellent course.', 'Completed'),
(51, 434, 'Running a Mobile App Dev Business: The Complete Guide', 3.5, 'Great instructor.', 'Completed'),
(51, 436, 'Running a Mobile App Dev Business: The Complete Guide', 2, 'This is a great course of algorithms I have ever seen . great!', 'Completed'),
(51, 439, 'Running a Mobile App Dev Business: The Complete Guide', 4, 'Good course and assignements(make you think). I liked it.', 'Completed'),
(51, 441, 'Running a Mobile App Dev Business: The Complete Guide', 3.5, 'This course is pretty good.', 'Completed'),
(51, 444, 'Running a Mobile App Dev Business: The Complete Guide', 4, 'Great explanations and very good assignments.', 'Completed'),
(51, 446, 'Running a Mobile App Dev Business: The Complete Guide', 4, 'It is the best algorithms course I have ever taken.', 'Completed'),
(51, 448, 'Running a Mobile App Dev Business: The Complete Guide', 4.5, 'I really liked the videos and the lecture slides.', 'Completed'),
(51, 452, 'Running a Mobile App Dev Business: The Complete Guide', 4, 'Loved it.', 'Completed'),
(51, 454, 'Running a Mobile App Dev Business: The Complete Guide', 5, 'Challenging.', 'Completed'),
(51, 457, 'Running a Mobile App Dev Business: The Complete Guide', 4, 'Great course.', 'Completed'),
(51, 459, 'Running a Mobile App Dev Business: The Complete Guide', 5, 'Good course course with good instruction from professors', 'Completed'),
(51, 464, 'Running a Mobile App Dev Business: The Complete Guide', 4.5, 'good stuff! informative and not exceedingly challenging', 'Completed'),
(51, 470, 'Running a Mobile App Dev Business: The Complete Guide', 4, 'Excellent Course.', 'Completed'),
(51, 472, 'Running a Mobile App Dev Business: The Complete Guide', 4.4, 'Great course! Very informative!', 'Completed'),
(52, 103, 'Android App Development: Mobile App Development & Java', 4, 'Thanks.', 'Completed'),
(52, 414, 'Android App Development: Mobile App Development & Java', 5, 'Great course.', 'Completed'),
(52, 418, 'Android App Development: Mobile App Development & Java', 5, 'Absolutely 5 stars!', 'Completed'),
(52, 420, 'Android App Development: Mobile App Development & Java', 4.5, 'This a very interesting and well-organized course!', 'Completed'),
(52, 425, 'Android App Development: Mobile App Development & Java', 5, 'Thank you Very helpfull', 'Completed'),
(52, 427, 'Android App Development: Mobile App Development & Java', 4.5, 'Brilliant!', 'Completed'),
(52, 431, 'Android App Development: Mobile App Development & Java', 5, 'Great course! Very informative!', 'Completed'),
(52, 435, 'Android App Development: Mobile App Development & Java', 5, 'Extremely well designed course.', 'Completed'),
(52, 437, 'Android App Development: Mobile App Development & Java', 5, 'Super course! I love all the assignments.', 'Completed'),
(52, 439, 'Android App Development: Mobile App Development & Java', 5, 'very useful', 'Completed'),
(52, 442, 'Android App Development: Mobile App Development & Java', 4, 'Great course! Very informative!', 'Completed'),
(52, 444, 'Android App Development: Mobile App Development & Java', 5, 'Great course! Very informative!', 'Completed'),
(52, 447, 'Android App Development: Mobile App Development & Java', 4.5, 'very nice!It will be better if we can be offered some quiz and feedback,not only coding assignment.', 'Completed'),
(52, 449, 'Android App Development: Mobile App Development & Java', 4, 'This course is helpful', 'Completed'),
(52, 450, 'Android App Development: Mobile App Development & Java', 3, 'Excellent course.', 'Completed'),
(52, 452, 'Android App Development: Mobile App Development & Java', 4, 'amazing class! the best class that I have ever seen!', 'Completed'),
(52, 455, 'Android App Development: Mobile App Development & Java', 4.5, 'Great course.', 'Completed'),
(52, 456, 'Android App Development: Mobile App Development & Java', 5, 'Homeworks are super fun and challenging!The lectures are super clear!!!!!!!!!!!!!!!!!!!!!!!!!', 'Completed'),
(52, 458, 'Android App Development: Mobile App Development & Java', 4, 'Great course! Very informative!', 'Completed'),
(52, 460, 'Android App Development: Mobile App Development & Java', 4.5, 'In one word, It\'s awesome course', 'Completed'),
(52, 465, 'Android App Development: Mobile App Development & Java', 4, 'Excellent.', 'Completed'),
(52, 470, 'Android App Development: Mobile App Development & Java', 5, 'Great course! Very informative!', 'Completed'),
(52, 473, 'Android App Development: Mobile App Development & Java', 3.5, 'Great course with very practical real-life examples. Highly recomended', 'Completed'),
(53, 57, 'Android App Development Specialization', 4, 'Course is comprehensive and detailed. But is a bit fast paced for people.', 'Completed'),
(53, 101, 'Android App Development Specialization', 4.5, 'Very interesting nicely explained.', 'Completed'),
(53, 168, 'Android App Development Specialization', 5, 'Excelent! Lots of information and really interesting ', 'Completed'),
(53, 413, 'Android App Development Specialization', 3.5, 'Great course from great professors.', 'Completed'),
(53, 417, 'Android App Development Specialization', 3.5, 'Wonderful couse for computer scientists.', 'Completed'),
(53, 420, 'Android App Development Specialization', 4, 'Great course! Very informative!', 'Completed'),
(53, 424, 'Android App Development Specialization', 3.5, 'Very interesting course !', 'Completed'),
(53, 426, 'Android App Development Specialization', 4.5, 'I think it is a good course.', 'Completed'),
(53, 431, 'Android App Development Specialization', 3.5, 'Great open course. Easy to understand, and I really learned a lot from this course.', 'Completed'),
(53, 435, 'Android App Development Specialization', 3, 'Very good Course.', 'Completed'),
(53, 437, 'Android App Development Specialization', 5, 'The course lost a lot without tests. Theory is great.', 'Completed'),
(53, 439, 'Android App Development Specialization', 4.5, 'Awesome course! The best I ever seen.', 'Completed'),
(53, 442, 'Android App Development Specialization', 4, 'Great lectures.', 'Completed'),
(53, 444, 'Android App Development Specialization', 5, 'Great course!', 'Completed'),
(53, 447, 'Android App Development Specialization', 3, 'Did this course second time but still felt i learned a lot new. Amazing work in creating the course so educative and structured.', 'Completed'),
(53, 449, 'Android App Development Specialization', 4, 'Great course! Very informative!', 'Completed'),
(53, 452, 'Android App Development Specialization', 5, 'It was an amazing experience.', 'Completed'),
(53, 454, 'Android App Development Specialization', 3, 'It makes me learn so much,thank you so much.', 'Completed'),
(53, 457, 'Android App Development Specialization', 4.5, 'One of the best courses.', 'Completed'),
(53, 460, 'Android App Development Specialization', 5, 'its a nice course', 'Completed'),
(53, 465, 'Android App Development Specialization', 5, 'Very good.', 'Completed'),
(53, 470, 'Android App Development Specialization', 4.5, 'Amazing course!', 'Completed'),
(53, 472, 'Android App Development Specialization', 4.5, 'videos can be more interactive with more information on the slides.', 'Completed'),
(54, 16, 'CSS - The Complete Guide 2020 (incl. Flexbox, Grid & Sass)', 5, 'very interesting', 'Completed'),
(54, 17, 'CSS - The Complete Guide 2020 (incl. Flexbox, Grid & Sass)', 4.5, 'This course is very interesting.', 'Completed'),
(54, 78, 'CSS - The Complete Guide 2020 (incl. Flexbox, Grid & Sass)', 4, 'Practically oriented and brilliantly organized!', 'Completed'),
(54, 82, 'CSS - The Complete Guide 2020 (incl. Flexbox, Grid & Sass)', 4.5, 'a very good overview that makes you long for', 'Completed'),
(54, 87, 'CSS - The Complete Guide 2020 (incl. Flexbox, Grid & Sass)', 3.5, 'a very good overview that makes you long for', 'Completed'),
(54, 159, 'CSS - The Complete Guide 2020 (incl. Flexbox, Grid & Sass)', 3.5, 'It opened up my understanding of what could be accomplished', 'Completed'),
(54, 282, 'CSS - The Complete Guide 2020 (incl. Flexbox, Grid & Sass)', 5, 'I love how clear the videos (and notes) are and re-watching them really helped a lot!', 'Completed'),
(54, 286, 'CSS - The Complete Guide 2020 (incl. Flexbox, Grid & Sass)', 5, 'Great!', 'Completed'),
(54, 288, 'CSS - The Complete Guide 2020 (incl. Flexbox, Grid & Sass)', 3, 'Great!', 'Completed'),
(54, 293, 'CSS - The Complete Guide 2020 (incl. Flexbox, Grid & Sass)', 5, 'thank you for the course. great', 'Completed'),
(54, 294, 'CSS - The Complete Guide 2020 (incl. Flexbox, Grid & Sass)', 3.5, 'Many of the weeks\' videos were out of order.', 'Completed'),
(54, 298, 'CSS - The Complete Guide 2020 (incl. Flexbox, Grid & Sass)', 3, 'very easy to follow', 'Completed'),
(54, 300, 'CSS - The Complete Guide 2020 (incl. Flexbox, Grid & Sass)', 4, 'This whole course is so knowledge-giving.This course helps me to achieve my goal.', 'Completed'),
(54, 305, 'CSS - The Complete Guide 2020 (incl. Flexbox, Grid & Sass)', 3, 'very easy to follow', 'Completed'),
(54, 307, 'CSS - The Complete Guide 2020 (incl. Flexbox, Grid & Sass)', 5, 'I like this course, it covers a wide range of topics.', 'Completed'),
(54, 312, 'CSS - The Complete Guide 2020 (incl. Flexbox, Grid & Sass)', 5, 'Wonderful course !', 'Completed'),
(54, 313, 'CSS - The Complete Guide 2020 (incl. Flexbox, Grid & Sass)', 5, 'Great Job. Tutor definitely is the best.', 'Completed'),
(54, 318, 'CSS - The Complete Guide 2020 (incl. Flexbox, Grid & Sass)', 5, 'Excellent course!It is a must take course.', 'Completed'),
(54, 320, 'CSS - The Complete Guide 2020 (incl. Flexbox, Grid & Sass)', 4.5, 'Wonderful course.great professor', 'Completed'),
(54, 325, 'CSS - The Complete Guide 2020 (incl. Flexbox, Grid & Sass)', 4, 'This whole course is so knowledge-giving.This course helps me to achieve my goal.', 'Completed'),
(54, 326, 'CSS - The Complete Guide 2020 (incl. Flexbox, Grid & Sass)', 5, 'I enjoyed this course. It was very interesting, the teacher explained each topic well.', 'Completed'),
(54, 331, 'CSS - The Complete Guide 2020 (incl. Flexbox, Grid & Sass)', 3, 'very easy to follow', 'Completed'),
(54, 333, 'CSS - The Complete Guide 2020 (incl. Flexbox, Grid & Sass)', 4.5, 'The material was good.', 'Completed'),
(54, 337, 'CSS - The Complete Guide 2020 (incl. Flexbox, Grid & Sass)', 4, 'What a great course! I have enjoyed it a lot!', 'Completed'),
(54, 339, 'CSS - The Complete Guide 2020 (incl. Flexbox, Grid & Sass)', 4, 'Great course! Loved everything I learned.', 'Completed'),
(54, 344, 'CSS - The Complete Guide 2020 (incl. Flexbox, Grid & Sass)', 4, 'Fantastic Course! Really well structured, lectures are really interesting and I have really enjoyed it!!', 'Completed'),
(54, 350, 'CSS - The Complete Guide 2020 (incl. Flexbox, Grid & Sass)', 4.5, 'The material was good.', 'Completed'),
(54, 353, 'CSS - The Complete Guide 2020 (incl. Flexbox, Grid & Sass)', 3, 'very easy to follow', 'Completed'),
(54, 356, 'CSS - The Complete Guide 2020 (incl. Flexbox, Grid & Sass)', 4, 'Interesting and informative! Professor is the best!', 'Completed'),
(54, 359, 'CSS - The Complete Guide 2020 (incl. Flexbox, Grid & Sass)', 3.5, 'Very much to the point, good course!', 'Completed'),
(54, 361, 'CSS - The Complete Guide 2020 (incl. Flexbox, Grid & Sass)', 5, 'Great course!!', 'Completed'),
(54, 365, 'CSS - The Complete Guide 2020 (incl. Flexbox, Grid & Sass)', 3.5, 'Very much to the point, good course!', 'Completed'),
(54, 369, 'CSS - The Complete Guide 2020 (incl. Flexbox, Grid & Sass)', 3, 'very easy to follow', 'Completed'),
(54, 372, 'CSS - The Complete Guide 2020 (incl. Flexbox, Grid & Sass)', 4.5, 'Amazing content. Loved it!', 'Completed'),
(54, 379, 'CSS - The Complete Guide 2020 (incl. Flexbox, Grid & Sass)', 3.5, 'Fun course, well done.', 'Completed'),
(54, 385, 'CSS - The Complete Guide 2020 (incl. Flexbox, Grid & Sass)', 5, 'One of the best courses I\'ve taken so far.', 'Completed'),
(54, 392, 'CSS - The Complete Guide 2020 (incl. Flexbox, Grid & Sass)', 4.5, 'a good and informative course.', 'Completed'),
(54, 399, 'CSS - The Complete Guide 2020 (incl. Flexbox, Grid & Sass)', 5, 'Great course', 'Completed'),
(54, 405, 'CSS - The Complete Guide 2020 (incl. Flexbox, Grid & Sass)', 4, 'Great course, assignments and job interview questions are the best part of it', 'Completed'),
(55, 155, 'Modern HTML & CSS From The Beginning (Including Sass)', 4.5, 'One of the excellent courses for information technology.', 'Completed'),
(55, 159, 'Modern HTML & CSS From The Beginning (Including Sass)', 3.5, 'Excellent course , enjoyed learning ', 'Completed'),
(55, 283, 'Modern HTML & CSS From The Beginning (Including Sass)', 4.4, 'It\'s challenging but interesting.', 'Completed'),
(55, 285, 'Modern HTML & CSS From The Beginning (Including Sass)', 5, 'I love how clear the videos (and notes) are and re-watching them really helped a lot!', 'Completed'),
(55, 289, 'Modern HTML & CSS From The Beginning (Including Sass)', 3.5, 'It is a good course for beginners, but it is too slow for advanced learners who want to refresh their knowledge.', 'Completed'),
(55, 292, 'Modern HTML & CSS From The Beginning (Including Sass)', 4, 'Itt\'s great! Nicely explained step by step. I liked it.', 'Completed'),
(55, 295, 'Modern HTML & CSS From The Beginning (Including Sass)', 4, 'It\'s great! Thank you for everything :))', 'Completed'),
(55, 297, 'Modern HTML & CSS From The Beginning (Including Sass)', 4, 'This whole course is so knowledge-giving.This course helps me to achieve my goal.', 'Completed'),
(55, 300, 'Modern HTML & CSS From The Beginning (Including Sass)', 5, 'A fantastic course: Very well-presented and hugely informative.', 'Completed'),
(55, 303, 'Modern HTML & CSS From The Beginning (Including Sass)', 3.5, 'Many of the weeks\' videos were out of order.', 'Completed'),
(55, 307, 'Modern HTML & CSS From The Beginning (Including Sass)', 4, 'This whole course is so knowledge-giving.This course helps me to achieve my goal.', 'Completed'),
(55, 310, 'Modern HTML & CSS From The Beginning (Including Sass)', 5, 'Cool', 'Completed'),
(55, 314, 'Modern HTML & CSS From The Beginning (Including Sass)', 4, 'This whole course is so knowledge-giving.This course helps me to achieve my goal.', 'Completed'),
(55, 317, 'Modern HTML & CSS From The Beginning (Including Sass)', 5, 'Great Job. Tutor definitely is the best.', 'Completed'),
(55, 320, 'Modern HTML & CSS From The Beginning (Including Sass)', 3.5, 'Interesting and informative! Professor is the best!', 'Completed'),
(55, 323, 'Modern HTML & CSS From The Beginning (Including Sass)', 4.5, 'The material was good.', 'Completed'),
(55, 327, 'Modern HTML & CSS From The Beginning (Including Sass)', 4.5, 'The material was good.', 'Completed'),
(55, 330, 'Modern HTML & CSS From The Beginning (Including Sass)', 5, 'I enjoyed this course. It was very interesting, the teacher explained each topic well.', 'Completed'),
(55, 333, 'Modern HTML & CSS From The Beginning (Including Sass)', 3.5, 'Very much to the point, good course!', 'Completed'),
(55, 336, 'Modern HTML & CSS From The Beginning (Including Sass)', 3, 'very easy to follow', 'Completed'),
(55, 339, 'Modern HTML & CSS From The Beginning (Including Sass)', 5, 'Excellent course. It has a perfect rhythm and the teacher has a good pronunciation which it is a important detail. I recommend strongly.', 'Completed'),
(55, 343, 'Modern HTML & CSS From The Beginning (Including Sass)', 3, 'very easy to follow\n', 'Completed'),
(55, 346, 'Modern HTML & CSS From The Beginning (Including Sass)', 5, 'Perfect!', 'Completed'),
(55, 348, 'Modern HTML & CSS From The Beginning (Including Sass)', 4, 'I have learned many issues and insights, and I am most satisfied.', 'Completed'),
(55, 351, 'Modern HTML & CSS From The Beginning (Including Sass)', 5, 'Very Interesting course that covers a huge range of topics over a long period of time. A very well informed lecturer who can speak about the subject matter in a clear and concise manner.', 'Completed'),
(55, 355, 'Modern HTML & CSS From The Beginning (Including Sass)', 4.5, 'The material was good.', 'Completed'),
(55, 359, 'Modern HTML & CSS From The Beginning (Including Sass)', 4, 'Interesting and informative! Professor is the best!', 'Completed'),
(55, 363, 'Modern HTML & CSS From The Beginning (Including Sass)', 4.5, 'The material was good.', 'Completed'),
(55, 366, 'Modern HTML & CSS From The Beginning (Including Sass)', 5, 'Nice and clear!', 'Completed'),
(55, 368, 'Modern HTML & CSS From The Beginning (Including Sass)', 5, 'Great course, thank you!', 'Completed'),
(55, 371, 'Modern HTML & CSS From The Beginning (Including Sass)', 3.5, 'very nice course. The content covered is very useful.', 'Completed'),
(55, 375, 'Modern HTML & CSS From The Beginning (Including Sass)', 4, 'Interesting and informative! Professor is the best!', 'Completed'),
(55, 378, 'Modern HTML & CSS From The Beginning (Including Sass)', 5, 'The professor is very comfortable lecturing in front of a camera, which makes it quite easy to follow the lectures and what he is explaining.', 'Completed'),
(55, 382, 'Modern HTML & CSS From The Beginning (Including Sass)', 4, 'Very amazing course.', 'Completed'),
(55, 384, 'Modern HTML & CSS From The Beginning (Including Sass)', 4.5, 'Great course! Very informative!', 'Completed'),
(55, 389, 'Modern HTML & CSS From The Beginning (Including Sass)', 4, 'Absolutely wonderful course!', 'Completed'),
(55, 391, 'Modern HTML & CSS From The Beginning (Including Sass)', 4, 'good course with new things that exite my tech soul', 'Completed'),
(55, 395, 'Modern HTML & CSS From The Beginning (Including Sass)', 5, 'Great and challenging course to learn data structures and algorithms.', 'Completed'),
(55, 398, 'Modern HTML & CSS From The Beginning (Including Sass)', 4, 'one of the greatest things I have go through..........', 'Completed'),
(55, 402, 'Modern HTML & CSS From The Beginning (Including Sass)', 3, 'Excellent course for beginners and experienced programmers', 'Completed'),
(55, 404, 'Modern HTML & CSS From The Beginning (Including Sass)', 4, 'This is the best algorithms course i have ever seen before. The homework assignments are fantastic.', 'Completed'),
(55, 408, 'Modern HTML & CSS From The Beginning (Including Sass)', 3.5, 'Great course! Very informative!', 'Completed'),
(56, 16, 'Build Websites from Scratch with HTML', 4.5, 'course with real world examples that let you understand technology.', 'Completed'),
(56, 17, 'Build Websites from Scratch with HTML', 4, 'I was able to understand materials', 'Completed'),
(56, 19, 'Build Websites from Scratch with HTML', 4, 'Great course. It provided a great degree of knowledge about applications and the design process.', 'Completed'),
(56, 78, 'Build Websites from Scratch with HTML', 4.5, 'Thank you for this course, very good course.', 'Completed'),
(56, 82, 'Build Websites from Scratch with HTML', 5, 'It\'s fantastic', 'Completed'),
(56, 155, 'Build Websites from Scratch with HTML', 3.5, 'Very interesting and well-designed!', 'Completed'),
(56, 157, 'Build Websites from Scratch with HTML', 4, 'Great course information and content ! Very interesting !', 'Completed'),
(56, 286, 'Build Websites from Scratch with HTML', 5, 'The material was good.', 'Completed'),
(56, 292, 'Build Websites from Scratch with HTML', 4, 'Great explanation. I am very satisfied.', 'Completed'),
(56, 298, 'Build Websites from Scratch with HTML', 3.5, 'Very challenging, well presented.', 'Completed'),
(56, 304, 'Build Websites from Scratch with HTML', 5, 'Some great material and I learned a lot. I did in fact complete the course.', 'Completed'),
(56, 311, 'Build Websites from Scratch with HTML', 4, 'Perfect!', 'Completed'),
(56, 317, 'Build Websites from Scratch with HTML', 4, 'Great! I \'d love to learn about this.', 'Completed'),
(56, 324, 'Build Websites from Scratch with HTML', 5, 'This course was simply fantastic ! Thank you very much.', 'Completed'),
(56, 330, 'Build Websites from Scratch with HTML', 5, 'I enjoyed this course. It was very interesting, the teacher explained each topic well.', 'Completed'),
(56, 336, 'Build Websites from Scratch with HTML', 3.5, 'Very much to the point, good course!', 'Completed'),
(56, 343, 'Build Websites from Scratch with HTML', 4, 'Fantastic Course! Really well structured, lectures are really interesting and I have really enjoyed it!!', 'Completed'),
(56, 349, 'Build Websites from Scratch with HTML', 4.5, 'The material was good.', 'Completed'),
(57, 133, 'The Modern JavaScript Bootcamp', 1.5, 'This course doesn\'t contain any new information.There are better ways to invest your time.', 'Completed'),
(58, 15, 'Javascript: The Complete Developer\'s Guide', 5, 'Excellent course. Good coursees, easy to follow, updated content, high quality videos.', 'Completed'),
(58, 16, 'Javascript: The Complete Developer\'s Guide', 4, 'this course helped me learn a bunch of useful things I would otherwise not have put effort into studying.', 'Completed'),
(58, 17, 'Javascript: The Complete Developer\'s Guide', 4.4, 'Great information and videos. Ready for the next step.', 'Completed'),
(58, 78, 'Javascript: The Complete Developer\'s Guide', 4, 'It was a perfect introductory course for those who really want to learn something. I loved it..', 'Completed'),
(58, 82, 'Javascript: The Complete Developer\'s Guide', 4, 'Great course! The fundamentals were covered and I am excited to take the next course.', 'Completed'),
(60, 13, 'Learning Python for Data Analysis and Visualization', 4, 'Important information is given.', 'Completed'),
(60, 67, 'Learning Python for Data Analysis and Visualization', 4.5, 'Great course! Thank you!', 'Completed'),
(60, 76, 'Learning Python for Data Analysis and Visualization', 4, 'Great introduction, even for people who will not pursue completion of the full specialisation.', 'Completed'),
(60, 119, 'Learning Python for Data Analysis and Visualization', 3.5, 'Great content, I still need to go over it to glean the wealth of information that has been put together here.', 'Completed'),
(61, 13, 'Learn Python Programming Masterclass', 4.5, 'Great course thankyou maker.', 'Completed'),
(61, 76, 'Learn Python Programming Masterclass', 5, 'A good course, please provide more practice sets in depth.', 'Completed'),
(61, 119, 'Learn Python Programming Masterclass', 4, 'more example on related topics please.', 'Completed'),
(61, 551, 'Learn Python Programming Masterclass', 4, 'amazing class! the best class that I have ever seen!', 'Completed'),
(61, 557, 'Learn Python Programming Masterclass', 4, 'Thank you for creating this course.', 'Completed'),
(61, 572, 'Learn Python Programming Masterclass', 4, 'good course', 'Completed'),
(62, 37, 'Learn PHP Programming From Scratch', 4.5, 'Excellent course, really looking forward for the rest of the specialization!', 'Completed'),
(62, 47, 'Learn PHP Programming From Scratch', 4, 'Simply very interesting.', 'Completed'),
(62, 80, 'Learn PHP Programming From Scratch', 4.5, 'Thanks for your help.', 'Completed'),
(62, 131, 'Learn PHP Programming From Scratch', 2.5, 'This course change my mind to change my domain.', 'Completed'),
(62, 284, 'Learn PHP Programming From Scratch', 4, 'Well done!!!! That is the first course I have finished!!!!', 'Completed'),
(62, 290, 'Learn PHP Programming From Scratch', 4, 'Great Course', 'Completed'),
(62, 297, 'Learn PHP Programming From Scratch', 5, 'The course is very well organised and presented.', 'Completed'),
(62, 302, 'Learn PHP Programming From Scratch', 4.5, 'What a great course! I have enjoyed it a lot!', 'Completed'),
(62, 309, 'Learn PHP Programming From Scratch', 2, 'It was a horrible experience.I did not like the course.', 'Completed'),
(62, 316, 'Learn PHP Programming From Scratch', 5, 'Great Job. Tutor definitely is the best.', 'Completed'),
(62, 322, 'Learn PHP Programming From Scratch', 2, 'It was a horrible experience.I did not like the course.', 'Completed'),
(62, 329, 'Learn PHP Programming From Scratch', 5, 'I enjoyed this course. It was very interesting, the teacher explained each topic well.', 'Completed'),
(62, 335, 'Learn PHP Programming From Scratch', 4, 'This whole course is so knowledge-giving.This course helps me to achieve my goal.', 'Completed'),
(62, 341, 'Learn PHP Programming From Scratch', 3.5, 'Very much to the point, good course!', 'Completed'),
(62, 347, 'Learn PHP Programming From Scratch', 3.5, 'Very much to the point, good course!', 'Completed'),
(63, 31, 'Build a Social Network from Scratch: JavaScript PHP + MySQL', 5, 'This course was fantastic, I learned so much from it, and I am so excited to continue this track!', 'Completed'),
(63, 37, 'Build a Social Network from Scratch: JavaScript PHP + MySQL', 4, 'Suberb', 'Completed'),
(63, 56, 'Build a Social Network from Scratch: JavaScript PHP + MySQL', 4.5, 'Great content! Learned a lot.', 'Completed'),
(63, 108, 'Build a Social Network from Scratch: JavaScript PHP + MySQL', 2, 'Not good enough', 'Completed'),
(63, 285, 'Build a Social Network from Scratch: JavaScript PHP + MySQL', 3.5, 'Well done, made a very difficult topic accessible.', 'Completed'),
(63, 291, 'Build a Social Network from Scratch: JavaScript PHP + MySQL', 5, 'Great!', 'Completed'),
(63, 297, 'Build a Social Network from Scratch: JavaScript PHP + MySQL', 4.5, 'The subjects are very well covered. Great explanation. Very recommendable', 'Completed'),
(63, 303, 'Build a Social Network from Scratch: JavaScript PHP + MySQL', 3.5, 'Many of the weeks\' videos were out of order.', 'Completed'),
(63, 310, 'Build a Social Network from Scratch: JavaScript PHP + MySQL', 3.5, 'Very much to the point, good course!', 'Completed'),
(63, 316, 'Build a Social Network from Scratch: JavaScript PHP + MySQL', 4.5, 'The material was good.', 'Completed'),
(63, 323, 'Build a Social Network from Scratch: JavaScript PHP + MySQL', 5, 'It\'s just plain excellent. Great content and professor.', 'Completed'),
(63, 329, 'Build a Social Network from Scratch: JavaScript PHP + MySQL', 4, 'This whole course is so knowledge-giving.This course helps me to achieve my goal.', 'Completed'),
(63, 335, 'Build a Social Network from Scratch: JavaScript PHP + MySQL', 3.5, 'A fantastic course: Very well-presented and hugely informative.', 'Completed'),
(63, 342, 'Build a Social Network from Scratch: JavaScript PHP + MySQL', 5, 'Very Interesting course that covers a huge range of topics over a long period of time. A very well informed lecturer who can speak about the subject matter in a clear and concise manner.', 'Completed'),
(63, 348, 'Build a Social Network from Scratch: JavaScript PHP + MySQL', 2.5, 'The tutorials is not for average students, it takes a very high skill to understand them.', 'Completed'),
(63, 352, 'Build a Social Network from Scratch: JavaScript PHP + MySQL', 3, 'very easy to follow', 'Completed'),
(63, 355, 'Build a Social Network from Scratch: JavaScript PHP + MySQL', 4, 'Interesting and informative! Professor is the best!', 'Completed'),
(63, 358, 'Build a Social Network from Scratch: JavaScript PHP + MySQL', 3, 'very easy to follow', 'Completed'),
(63, 362, 'Build a Social Network from Scratch: JavaScript PHP + MySQL', 4, 'Interesting and informative! Professor is the best!', 'Completed'),
(63, 367, 'Build a Social Network from Scratch: JavaScript PHP + MySQL', 5, 'It was one of the best course. Thank you!', 'Completed'),
(63, 373, 'Build a Social Network from Scratch: JavaScript PHP + MySQL', 4, 'Great', 'Completed'),
(63, 376, 'Build a Social Network from Scratch: JavaScript PHP + MySQL', 5, 'Great course! it would be better if the course provide more problems that is not directly the implementation of what is taught', 'Completed'),
(63, 380, 'Build a Social Network from Scratch: JavaScript PHP + MySQL', 3.5, 'Awesome course.. focusing mainly on developing algorithmic thinking instead of simply knowing it', 'Completed'),
(63, 383, 'Build a Social Network from Scratch: JavaScript PHP + MySQL', 3.5, 'I really like this course. It is a good recap of algorithms which I learned in my masters.', 'Completed'),
(63, 386, 'Build a Social Network from Scratch: JavaScript PHP + MySQL', 5, 'Great course. It is the best Algorithm course I have ever seen.', 'Completed'),
(63, 389, 'Build a Social Network from Scratch: JavaScript PHP + MySQL', 4.5, 'It\'s a really great course with clear lectures and pretty practical homework. Highly recommended!', 'Completed'),
(63, 393, 'Build a Social Network from Scratch: JavaScript PHP + MySQL', 5, 'Great content, very well explained, great exercises too.', 'Completed'),
(63, 396, 'Build a Social Network from Scratch: JavaScript PHP + MySQL', 4.5, 'This was a fantastic course. I was hoping for a simple review but I learned some new material too. I really excited for part 2.', 'Completed'),
(63, 400, 'Build a Social Network from Scratch: JavaScript PHP + MySQL', 4.5, 'An excellent course. I have learnt a huge amount about algorithms. Really, really good!!', 'Completed'),
(63, 402, 'Build a Social Network from Scratch: JavaScript PHP + MySQL', 3.5, 'Strongly recommended!', 'Completed'),
(63, 406, 'Build a Social Network from Scratch: JavaScript PHP + MySQL', 5, 'Its pretty good!', 'Completed'),
(63, 409, 'Build a Social Network from Scratch: JavaScript PHP + MySQL', 4, 'Good start course for digging into cs world', 'Completed'),
(64, 30, 'XML and XML Schema Definition in Easy Steps', 5, 'greatly explained by you thanks.', 'Completed'),
(64, 99, 'XML and XML Schema Definition in Easy Steps', 4.5, 'Great course information and content !', 'Completed'),
(64, 167, 'XML and XML Schema Definition in Easy Steps', 5, 'Very helpful videos that really takes you into the real world', 'Completed'),
(65, 15, 'The Complete React Developer Course', 4, 'It should be merged with course 1', 'Completed'),
(65, 20, 'The Complete React Developer Course', 4, 'While there is some interesting content', 'Completed'),
(65, 21, 'The Complete React Developer Course', 4, 'Excellent course, could do with a little more visual references. ', 'Completed'),
(65, 37, 'The Complete React Developer Course', 4, 'I really liked it', 'Completed'),
(65, 46, 'The Complete React Developer Course', 4, 'a very good overview that makes you long for', 'Completed'),
(65, 47, 'The Complete React Developer Course', 4, 'A good course, please provide more practice problems in depth.', 'Completed'),
(65, 80, 'The Complete React Developer Course', 4, 'Great course!', 'Completed'),
(66, 18, 'Build Websites from Scratch with CSS', 2.5, 'It should be less repetitive and full of useful informations about applications.', 'Completed'),
(66, 79, 'Build Websites from Scratch with CSS', 2, 'No practical knowledge learnd and no clear examples of the topics. Too complex all the course', 'Completed'),
(66, 156, 'Build Websites from Scratch with CSS', 4.5, 'Great course - I recommend it for all, especially IT !', 'Completed'),
(66, 157, 'Build Websites from Scratch with CSS', 4.5, 'Very interesting course.', 'Completed'),
(66, 158, 'Build Websites from Scratch with CSS', 4, 'Very Good Informative Course.!!', 'Completed'),
(66, 283, 'Build Websites from Scratch with CSS', 4.5, 'The best  course I took so far! The instructor has a good pedagogic approach -- for every problem he discusses, he starts with an intuitive explanation illustrated on a simple example, and afterwards provides a rather rigorous justification for the problem.', 'Completed'),
(66, 287, 'Build Websites from Scratch with CSS', 4, 'Thank a lot', 'Completed'),
(66, 289, 'Build Websites from Scratch with CSS', 5, 'I did the course before. It was amazing!', 'Completed'),
(66, 294, 'Build Websites from Scratch with CSS', 3, 'very easy to follow', 'Completed'),
(66, 295, 'Build Websites from Scratch with CSS', 3, 'very easy to follow', 'Completed'),
(66, 299, 'Build Websites from Scratch with CSS', 5, 'Great course! Very touching and devoted instructor.', 'Completed'),
(66, 301, 'Build Websites from Scratch with CSS', 5, 'Great course !', 'Completed'),
(66, 306, 'Build Websites from Scratch with CSS', 4.5, 'The material was good.', 'Completed'),
(66, 308, 'Build Websites from Scratch with CSS', 5, 'Great course.', 'Completed'),
(66, 312, 'Build Websites from Scratch with CSS', 4.5, 'The material was good.', 'Completed'),
(66, 314, 'Build Websites from Scratch with CSS', 3, 'difficult to understand.', 'Completed'),
(66, 319, 'Build Websites from Scratch with CSS', 4, 'This whole course is so knowledge-giving.This course helps me to achieve my goal.', 'Completed'),
(66, 321, 'Build Websites from Scratch with CSS', 3, 'very easy to follow', 'Completed'),
(66, 325, 'Build Websites from Scratch with CSS', 5, 'Excellent course! I\'d like to thank the professor for such good lectures', 'Completed'),
(66, 327, 'Build Websites from Scratch with CSS', 3.5, 'Very much to the point, good course!', 'Completed'),
(66, 332, 'Build Websites from Scratch with CSS', 3.5, 'Very much to the point, good course!', 'Completed'),
(66, 333, 'Build Websites from Scratch with CSS', 4, 'This whole course is so knowledge-giving.This course helps me to achieve my goal.', 'Completed'),
(66, 338, 'Build Websites from Scratch with CSS', 4, 'Fantastic Course! Really well structured, lectures are really interesting and I have really enjoyed it!!', 'Completed'),
(66, 340, 'Build Websites from Scratch with CSS', 3, 'very easy to follow', 'Completed'),
(66, 345, 'Build Websites from Scratch with CSS', 5, 'Very Interesting course that covers a huge range of topics over a long period of time. A very well informed lecturer who can speak about the subject matter in a clear and concise manner.', 'Completed'),
(66, 346, 'Build Websites from Scratch with CSS', 5, 'The professor was extremely knowledgeable and clear.', 'Completed'),
(66, 350, 'Build Websites from Scratch with CSS', 4, 'Fantastic Course! Really well structured, lectures are really interesting and I have really enjoyed it!!', 'Completed');
INSERT INTO `course_enrolled` (`c_id`, `u_id`, `course_name`, `rating`, `feedback`, `status`) VALUES
(66, 356, 'Build Websites from Scratch with CSS', 5, 'Very Interesting course that covers a huge range of topics over a long period of time. A very well informed lecturer who can speak about the subject matter in a clear and concise manner.', 'Completed'),
(66, 358, 'Build Websites from Scratch with CSS', 3.5, 'Very much to the point, good course!', 'Completed'),
(66, 361, 'Build Websites from Scratch with CSS', 4.5, 'The material was good.', 'Completed'),
(66, 364, 'Build Websites from Scratch with CSS', 5, 'The professor is very comfortable lecturing in front of a camera, which makes it quite easy to follow the lectures and what he is explaining.', 'Completed'),
(66, 368, 'Build Websites from Scratch with CSS', 5, 'The professor is very comfortable lecturing in front of a camera, which makes it quite easy to follow the lectures and what he is explaining.', 'Completed'),
(66, 371, 'Build Websites from Scratch with CSS', 4, 'Interesting and informative! Professor is the best!', 'Completed'),
(66, 378, 'Build Websites from Scratch with CSS', 3, 'I really enjoyed the course.', 'Completed'),
(66, 385, 'Build Websites from Scratch with CSS', 4, 'One of the best courses I\'ve ever had. Breathtaking, exciting, absorbing!', 'Completed'),
(66, 392, 'Build Websites from Scratch with CSS', 3, 'This course is amazing! The course lectures are well explained and the assignments pose a good challenge.', 'Completed'),
(66, 398, 'Build Websites from Scratch with CSS', 3.5, 'Great course. Reminded me why I enjoy programming. Lots of updated material, and better instruction than in person, at university, a long time ago :-)', 'Completed'),
(66, 405, 'Build Websites from Scratch with CSS', 5, 'Very good course!', 'Completed'),
(67, 18, 'Introduction to Javascript', 5, 'Very good inspirational examples.', 'Completed'),
(67, 37, 'Introduction to Javascript', 4.5, 'Very interesting topic.', 'Completed'),
(67, 40, 'Introduction to Javascript', 4.5, 'great course  I will be pursueing the rest of this capstone.', 'Completed'),
(67, 46, 'Introduction to Javascript', 5, 'very interactive and reflective course highly recommended.', 'Completed'),
(67, 131, 'Introduction to Javascript', 4, 'Gives a nice over view about concept.', 'Completed'),
(68, 21, 'Accelerated JavaScript Training', 5, 'A good course', 'Completed'),
(68, 40, 'Accelerated JavaScript Training', 5, 'Do not hesitate to enroll, it\'s a brain storming course & I like the way of the teaching here!', 'Completed'),
(68, 47, 'Accelerated JavaScript Training', 5, 'An excellent course to start with', 'Completed'),
(68, 80, 'Accelerated JavaScript Training', 3, 'week 1 and 2 were kind of boring, but maybe necessary; weeks 3 and 4 were more interesting.', 'Completed'),
(68, 131, 'Accelerated JavaScript Training', 4.5, 'Have got a great insight towards new topics related to it.', 'Completed'),
(68, 157, 'Accelerated JavaScript Training', 4.5, 'Great content! Learned a lot.', 'Completed'),
(69, 15, 'Step-by-step HTML for Absolute Beginners', 2.5, 'This course doesn\'t contain any new information.', 'Completed'),
(69, 18, 'Step-by-step HTML for Absolute Beginners', 3.5, 'Full Individuals speaking', 'Completed'),
(69, 21, 'Step-by-step HTML for Absolute Beginners', 2.5, 'I do not find very interesting this course.', 'Completed'),
(69, 40, 'Step-by-step HTML for Absolute Beginners', 4, 'Great course delivery by the instructor! Great opportunity to meet great people! ', 'Completed'),
(69, 79, 'Step-by-step HTML for Absolute Beginners', 4, 'It\'s a very good course.', 'Completed'),
(69, 84, 'Step-by-step HTML for Absolute Beginners', 4.5, 'a very good overview that makes you long for', 'Completed'),
(69, 108, 'Step-by-step HTML for Absolute Beginners', 4.5, 'Great course thankyou maker.', 'Completed'),
(69, 131, 'Step-by-step HTML for Absolute Beginners', 4, 'Good experience to start with', 'Completed'),
(69, 155, 'Step-by-step HTML for Absolute Beginners', 5, 'One of the most useful course!', 'Completed'),
(69, 286, 'Step-by-step HTML for Absolute Beginners', 4.5, 'The material was good.', 'Completed'),
(69, 292, 'Step-by-step HTML for Absolute Beginners', 5, 'thank you for the course. great', 'Completed'),
(69, 298, 'Step-by-step HTML for Absolute Beginners', 4.5, 'The material was good.', 'Completed'),
(69, 304, 'Step-by-step HTML for Absolute Beginners', 4, 'Great course! Loved everything I learned.', 'Completed'),
(69, 311, 'Step-by-step HTML for Absolute Beginners', 4.5, 'The professor was extremely knowledgeable and clear.', 'Completed'),
(69, 317, 'Step-by-step HTML for Absolute Beginners', 4.5, 'Awesome course, excelent material, great classes.', 'Completed'),
(69, 324, 'Step-by-step HTML for Absolute Beginners', 4, 'This whole course is so knowledge-giving.This course helps me to achieve my goal.', 'Completed'),
(69, 331, 'Step-by-step HTML for Absolute Beginners', 4.5, 'Great course! Excellent professor.', 'Completed'),
(69, 337, 'Step-by-step HTML for Absolute Beginners', 5, 'Excellent course. Really inspired me to learn more.', 'Completed'),
(69, 343, 'Step-by-step HTML for Absolute Beginners', 4.5, 'The material was good.', 'Completed'),
(69, 349, 'Step-by-step HTML for Absolute Beginners', 5, 'Really interesting course', 'Completed'),
(69, 353, 'Step-by-step HTML for Absolute Beginners', 4, 'Fantastic Course! Really well structured, lectures are really interesting and I have really enjoyed it!!', 'Completed'),
(69, 356, 'Step-by-step HTML for Absolute Beginners', 4, 'Wonderful and interesting course. Thanks!', 'Completed'),
(69, 368, 'Step-by-step HTML for Absolute Beginners', 4.5, 'The material was good.', 'Completed'),
(69, 372, 'Step-by-step HTML for Absolute Beginners', 5, 'The professor is very comfortable lecturing in front of a camera, which makes it quite easy to follow the lectures and what he is explaining.', 'Completed'),
(69, 379, 'Step-by-step HTML for Absolute Beginners', 4.5, 'Great Course. Compact and clear. Learnt a great deal from it. Thanks!', 'Completed'),
(69, 385, 'Step-by-step HTML for Absolute Beginners', 5, 'Great course! Very informative!', 'Completed'),
(69, 392, 'Step-by-step HTML for Absolute Beginners', 5, 'Great course. The programming assignments helped to reinforce the concepts.', 'Completed'),
(69, 399, 'Step-by-step HTML for Absolute Beginners', 2, 'Great course! Very informative!', 'Completed'),
(69, 405, 'Step-by-step HTML for Absolute Beginners', 5, 'I can learn why we should code like that and the method to solve the problem', 'Completed'),
(70, 15, 'Complete CSS Course: Beginning to Advanced', 3.5, 'Great course. I enjoyed learning the material.', 'Completed'),
(70, 21, 'Complete CSS Course: Beginning to Advanced', 4.5, 'Very good in-depth ', 'Completed'),
(70, 40, 'Complete CSS Course: Beginning to Advanced', 3.5, 'Great course. loved it', 'Completed'),
(70, 84, 'Complete CSS Course: Beginning to Advanced', 1.5, 'Not according what I expected', 'Completed'),
(70, 156, 'Complete CSS Course: Beginning to Advanced', 5, 'Excellent course! Totally recommended!', 'Completed'),
(70, 158, 'Complete CSS Course: Beginning to Advanced', 4, 'Course is comprehensive and detailed. But is a bit fast paced for people.', 'Completed'),
(70, 283, 'Complete CSS Course: Beginning to Advanced', 3.5, 'Very much to the point, good course!', 'Completed'),
(70, 287, 'Complete CSS Course: Beginning to Advanced', 4.5, 'Great Course', 'Completed'),
(70, 289, 'Complete CSS Course: Beginning to Advanced', 4.5, 'Great!', 'Completed'),
(70, 295, 'Complete CSS Course: Beginning to Advanced', 4.5, 'The material was good.', 'Completed'),
(70, 299, 'Complete CSS Course: Beginning to Advanced', 4, 'This whole course is so knowledge-giving.This course helps me to achieve my goal.', 'Completed'),
(70, 301, 'Complete CSS Course: Beginning to Advanced', 4, 'This whole course is so knowledge-giving.This course helps me to achieve my goal.', 'Completed'),
(70, 306, 'Complete CSS Course: Beginning to Advanced', 4, 'This whole course is so knowledge-giving.This course helps me to achieve my goal.', 'Completed'),
(70, 308, 'Complete CSS Course: Beginning to Advanced', 5, 'Great Job. Tutor definitely is the best.', 'Completed'),
(70, 313, 'Complete CSS Course: Beginning to Advanced', 4, 'Quality Qu', 'Completed'),
(70, 315, 'Complete CSS Course: Beginning to Advanced', 5, 'Really interesting course', 'Completed'),
(70, 319, 'Complete CSS Course: Beginning to Advanced', 5, 'This is an excellent course and I have enjoyed listening and reading everything it has to offer.', 'Completed'),
(70, 321, 'Complete CSS Course: Beginning to Advanced', 5, 'Very interesting! I wish there is some animation film to explain the narative.', 'Completed'),
(70, 326, 'Complete CSS Course: Beginning to Advanced', 3, 'very easy to follow', 'Completed'),
(70, 327, 'Complete CSS Course: Beginning to Advanced', 4, 'This whole course is so knowledge-giving.This course helps me to achieve my goal.', 'Completed'),
(70, 332, 'Complete CSS Course: Beginning to Advanced', 4, 'This whole course is so knowledge-giving.This course helps me to achieve my goal.', 'Completed'),
(70, 334, 'Complete CSS Course: Beginning to Advanced', 5, 'Great course! Very touching and devoted instructor.', 'Completed'),
(70, 338, 'Complete CSS Course: Beginning to Advanced', 5, 'Well prepared course.', 'Completed'),
(70, 340, 'Complete CSS Course: Beginning to Advanced', 4.5, 'The material was good.', 'Completed'),
(70, 345, 'Complete CSS Course: Beginning to Advanced', 4, 'Cool', 'Completed'),
(70, 346, 'Complete CSS Course: Beginning to Advanced', 4.5, 'Wonderful course !', 'Completed'),
(70, 351, 'Complete CSS Course: Beginning to Advanced', 4.5, 'The material was good.', 'Completed'),
(70, 354, 'Complete CSS Course: Beginning to Advanced', 3.5, 'Great Course!', 'Completed'),
(70, 357, 'Complete CSS Course: Beginning to Advanced', 4.5, 'The material was good.', 'Completed'),
(70, 360, 'Complete CSS Course: Beginning to Advanced', 5, 'well presented and thought provoking', 'Completed'),
(70, 364, 'Complete CSS Course: Beginning to Advanced', 4.5, 'The material was good.', 'Completed'),
(70, 370, 'Complete CSS Course: Beginning to Advanced', 4, 'Good sessions and assignments.', 'Completed'),
(70, 375, 'Complete CSS Course: Beginning to Advanced', 3.5, 'Good course , nice assignments , a little bit more of explanation might be helpful for beginners', 'Completed'),
(70, 377, 'Complete CSS Course: Beginning to Advanced', 5, 'Great Course', 'Completed'),
(70, 381, 'Complete CSS Course: Beginning to Advanced', 4, 'Awesome course', 'Completed'),
(70, 383, 'Complete CSS Course: Beginning to Advanced', 4, 'Learned a lot from this course, great contents and projects.', 'Completed'),
(70, 388, 'Complete CSS Course: Beginning to Advanced', 4.5, 'great course to learn basic algorithm as well as understand the logic and reason behind them', 'Completed'),
(70, 390, 'Complete CSS Course: Beginning to Advanced', 4, 'The contents are extremely useful, and the lecture is clear. The programming assignments are challenging.', 'Completed'),
(70, 395, 'Complete CSS Course: Beginning to Advanced', 4, 'Overall, very good course. The only thing keeping this from being a 5-star course is the lack of resources around comparing completed programming assignments.', 'Completed'),
(70, 397, 'Complete CSS Course: Beginning to Advanced', 3.5, 'Pretty good course.', 'Completed'),
(70, 401, 'Complete CSS Course: Beginning to Advanced', 4.5, 'I have had a great experience during the course. Thank you very much, I have learned a lot of useful things.', 'Completed'),
(70, 403, 'Complete CSS Course: Beginning to Advanced', 4.5, 'Thanks a lot for this course. Very interesting. Practical tasks very useful, somewhat challenging.', 'Completed'),
(70, 408, 'Complete CSS Course: Beginning to Advanced', 5, 'Probably one of the best courses on this whole website.', 'Completed'),
(70, 409, 'Complete CSS Course: Beginning to Advanced', 4.5, 'Great course. Learned a lot.', 'Completed'),
(71, 47, 'Create Websites with HTML & CSS for Beginners', 4.5, 'If you know little or nothing about additive, and it sounds interesting, this is a good place to start!', 'Completed'),
(71, 80, 'Create Websites with HTML & CSS for Beginners', 4, 'Very good course but videos sometimes too long', 'Completed'),
(71, 84, 'Create Websites with HTML & CSS for Beginners', 4, 'Great course - I recommend it for all, especially IT !', 'Completed'),
(71, 156, 'Create Websites with HTML & CSS for Beginners', 4, 'The course content is quite good, though it could have been deeper in some areas.', 'Completed'),
(71, 157, 'Create Websites with HTML & CSS for Beginners', 4, 'A very great course for all IT person', 'Completed'),
(71, 158, 'Create Websites with HTML & CSS for Beginners', 4.5, 'Well-presented contents with comprehensive illustrations and easy to follow', 'Completed'),
(71, 284, 'Create Websites with HTML & CSS for Beginners', 3, 'Many of the weeks\' videos were out of order.', 'Completed'),
(71, 290, 'Create Websites with HTML & CSS for Beginners', 3.5, 'Although I had taken this course and higher levels in the past, there are still many subjects that I do not feel I have mastered them. This course helps me to achieve that goal.', 'Completed'),
(71, 296, 'Create Websites with HTML & CSS for Beginners', 3.5, 'Many of the weeks\' videos were out of order.', 'Completed'),
(71, 301, 'Create Websites with HTML & CSS for Beginners', 5, 'Great Job. Tutor definitely is the best.', 'Completed'),
(71, 308, 'Create Websites with HTML & CSS for Beginners', 4.5, 'The material was good.', 'Completed'),
(71, 315, 'Create Websites with HTML & CSS for Beginners', 4, 'This whole course is so knowledge-giving.This course helps me to achieve my goal.', 'Completed'),
(71, 321, 'Create Websites with HTML & CSS for Beginners', 4, 'Wonderful and interesting course. Thanks!', 'Completed'),
(71, 328, 'Create Websites with HTML & CSS for Beginners', 4, 'This whole course is so knowledge-giving.This course helps me to achieve my goal.', 'Completed'),
(71, 334, 'Create Websites with HTML & CSS for Beginners', 4.5, 'The material was good.', 'Completed'),
(71, 341, 'Create Websites with HTML & CSS for Beginners', 3.5, 'Very much to the point, good course!', 'Completed'),
(71, 347, 'Create Websites with HTML & CSS for Beginners', 4, 'I love the way this professor talk about events. I learned so much.', 'Completed'),
(71, 352, 'Create Websites with HTML & CSS for Beginners', 4, 'Fantastic Course! Really well structured, lectures are really interesting and I have really enjoyed it!!', 'Completed'),
(71, 355, 'Create Websites with HTML & CSS for Beginners', 5, 'Wonderful course.great professor', 'Completed'),
(71, 358, 'Create Websites with HTML & CSS for Beginners', 5, 'Very Interesting course that covers a huge range of topics over a long period of time. A very well informed lecturer who can speak about the subject matter in a clear and concise manner.', 'Completed'),
(71, 363, 'Create Websites with HTML & CSS for Beginners', 5, 'The professor is very comfortable lecturing in front of a camera, which makes it quite easy to follow the lectures and what he is explaining.', 'Completed'),
(71, 366, 'Create Websites with HTML & CSS for Beginners', 4, 'Interesting and informative! Professor is the best!', 'Completed'),
(71, 370, 'Create Websites with HTML & CSS for Beginners', 3, 'very easy to follow', 'Completed'),
(71, 374, 'Create Websites with HTML & CSS for Beginners', 3, 'very easy to follow', 'Completed'),
(71, 377, 'Create Websites with HTML & CSS for Beginners', 5, 'Interesting course to start learning.', 'Completed'),
(71, 381, 'Create Websites with HTML & CSS for Beginners', 3, 'Very good course, and tough too, you need good amount of efforts everyday.', 'Completed'),
(71, 384, 'Create Websites with HTML & CSS for Beginners', 5, 'very interesting course!', 'Completed'),
(71, 388, 'Create Websites with HTML & CSS for Beginners', 5, 'Really clear explanation for every algorithm. The exercises are quite challenging and helpful!', 'Completed'),
(71, 390, 'Create Websites with HTML & CSS for Beginners', 3, 'The assignments are extremely challenging and enjoyable. The videos can get a bit confusing, but overall a great course.', 'Completed'),
(71, 394, 'Create Websites with HTML & CSS for Beginners', 5, 'very helpful', 'Completed'),
(71, 397, 'Create Websites with HTML & CSS for Beginners', 3, 'Very challenge though, also help me learn a lot through the five projects. High recommend.', 'Completed'),
(71, 401, 'Create Websites with HTML & CSS for Beginners', 4, 'Very informative and helpful!!', 'Completed'),
(71, 403, 'Create Websites with HTML & CSS for Beginners', 3.5, 'Very interesting and clear. Great value.', 'Completed'),
(71, 408, 'Create Websites with HTML & CSS for Beginners', 3, 'Excellent lectures and hard enough programming assignments. Highly recommended.', 'Completed'),
(72, 5, 'The Complete SQL Bootcamp', 5, 'Very relevant and useful course made.', 'Completed'),
(72, 32, 'The Complete SQL Bootcamp', 2, 'Not according what I expected', 'Completed'),
(72, 57, 'The Complete SQL Bootcamp', 4, 'Very Good Informative Course.!!', 'Completed'),
(72, 60, 'The Complete SQL Bootcamp', 4.5, 'I think it should be a more engaged course with practical examples', 'Completed'),
(72, 102, 'The Complete SQL Bootcamp', 2, 'Very Basic course for learners', 'Completed'),
(72, 105, 'The Complete SQL Bootcamp', 4.5, 'Excellent overview use and how it may be used in the future.', 'Completed'),
(72, 107, 'The Complete SQL Bootcamp', 4, 'Important information is given.', 'Completed'),
(73, 59, 'Learn XML Crash Course: Discover Essential XML Fundamentals', 1, 'This course doesn\'t contain any new information. It does not teach you but just excitedly shows commonly known facts.There are better ways to invest your time.', 'Completed'),
(73, 84, 'Learn XML Crash Course: Discover Essential XML Fundamentals', 4, 'very interesting', 'Completed'),
(73, 169, 'Learn XML Crash Course: Discover Essential XML Fundamentals', 4, 'Thank you so much!', 'Completed'),
(6, 578, 'Modern JavaScript From The Beginning', 4, ' good course', 'Completed'),
(6, 584, 'Modern JavaScript From The Beginning', 0, ' ', 'Completed'),
(3, 584, 'Web Design for Beginners: Real World Coding in HTML & CSS', 0, '', 'enrolled'),
(8, 584, 'Machine Learning A-Z™: Hands-On Python & R In Data Science', 3, ' awesome', 'Completed'),
(67, 584, 'Introduction to Javascript', 3, ' This was the best course for learning javascript. Content was good but quality was bad and there should have been more examples for better understanding.', 'Completed'),
(23, 575, 'Deep Learning and NLP A-Z™: How to create a ChatBot', 1, 'very bad bad bad course', 'Completed'),
(40, 586, 'Data Structures', 1, 'Very slow paced course.', 'Completed'),
(7, 586, 'Complete Python Bootcamp: Go from zero to hero in Python 3', 1, 'Wasted my time and money.', 'Completed'),
(46, 586, 'Python for Everybody Specialization', 1, 'Course is not up to the mark', 'Completed'),
(16, 586, 'Building Recommender Systems with Machine Learning and AI', 1, 'Could have been better', 'Completed'),
(7, 587, 'Complete Python Bootcamp: Go from zero to hero in Python 3', 1, 'bad Course', 'Completed'),
(6, 575, 'Modern JavaScript From The Beginning', 1, 'bad Course', 'Completed');

-- --------------------------------------------------------

--
-- Table structure for table `register`
--

CREATE TABLE `register` (
  `u_id` int(11) NOT NULL,
  `name` text NOT NULL,
  `email` varchar(30) NOT NULL,
  `age` int(11) NOT NULL,
  `qual` varchar(25) NOT NULL,
  `gender` text NOT NULL,
  `pre_knowledge` text NOT NULL,
  `area_interest` text NOT NULL,
  `password` varchar(30) NOT NULL
) ENGINE=InnoDB DEFAULT CHARSET=latin1;

--
-- Dumping data for table `register`
--

INSERT INTO `register` (`u_id`, `name`, `email`, `age`, `qual`, `gender`, `pre_knowledge`, `area_interest`, `password`) VALUES
(1, 'Asma Sheikh', '', 21, 'BE', 'Female', 'Python', 'Machine Learning', 'password'),
(2, 'Sara Taj', '', 21, 'BE', 'Female', 'Python', 'Machine Learning', 'password'),
(3, 'Omar Khan', '', 22, 'BE', 'Male', 'R', 'Data Science', 'password'),
(4, 'Samir Khan', '', 23, 'BE', 'Male', 'R', 'Data Science', 'password'),
(5, 'Bareera Salman', '', 24, 'B.Tech', 'Female', 'Java', 'Android', 'password'),
(6, 'Arsalan Sheikh', '', 24, 'B.Tech', 'Male', 'Javascript', 'Web Development', 'password'),
(7, 'Sajid Khan', '', 25, 'BE', 'Male', 'Python', 'Machine Learning', 'password'),
(8, 'Asmaira Khan', '', 26, 'BE', 'Female', 'R', 'Machine Learning', 'password'),
(9, 'Ayera Khan', '', 21, 'B.Tech', 'Female', 'Python', 'Machine Learning', 'password'),
(11, 'Snehal Chauhan', '', 24, 'BE', 'Female', 'R', 'Data Science', 'password'),
(12, 'Danish Sheikh', '', 22, 'BE', 'Male', 'R', 'Machine Learning', 'password'),
(13, 'Anwar Sheikh', '', 22, 'M.Tech', 'Male', 'R', 'Data Science', 'password'),
(14, 'Kayanat Sheikh', '', 25, 'B.Tech', 'Female', 'Python', 'Machine Learning', 'password'),
(15, 'Mayuri Choudhari', '', 23, 'B.Tech', 'Female', 'Javascript', 'Web Development', 'password'),
(16, 'Ankita Meshram', '', 24, 'BE', 'Female', 'Javascript', 'Web Development', 'password'),
(17, 'Arshi Fatema', '', 23, 'BE', 'Female', 'Javascript', 'Web Development', 'password'),
(18, 'Khirad Khan', '', 21, 'B.Tech', 'Female', 'Javascript', 'Web Development', 'password'),
(19, 'Arshad Khan', '', 24, 'B.Tech', 'Male', 'Javascript', 'Web Development', 'password'),
(20, 'Zeeshan Sayyed', '', 23, 'BE', 'Male', 'HTML', 'Web Development', 'password'),
(21, 'Zuha Qazi', '', 22, 'BE', 'Female', 'CSS', 'Web Development', 'password'),
(22, 'Zainab Fatima', '', 26, 'B.Tech', 'Female', 'R', 'Machine Learning', 'password'),
(23, 'Hashim Saleem', '', 27, 'BE', 'Male', 'R', 'Machine Learning', 'password'),
(24, 'Vaibhav Singh', '', 28, 'BE', 'Female', 'Tableau', 'Data Science', 'password'),
(25, 'Waheeda Rehman', '', 26, 'B.Tech', 'Female', 'Python', 'Machine Learning', 'password'),
(26, 'Nazmeen Khan', '', 29, 'B.Tech', 'Female', 'R', 'Data Science', 'password'),
(27, 'Prajakta Dhawan', '', 28, 'BE', 'Female', 'R', 'Data Science', 'password'),
(28, 'Daemon Black', '', 24, 'BE', 'Male', 'R', 'Machine Learning', 'password'),
(29, 'Seth Diodoros', '', 24, 'M.Tech', 'Male', 'Java', 'Android', 'password'),
(30, 'Aiden Delphi', '', 24, 'MCA', 'Male', 'Java', 'Android', 'password'),
(31, 'Alexendria Andros', '', 22, 'MSc', 'Female', 'Java', 'Android', 'password'),
(32, 'Dee Black', '', 24, 'MSc', 'Female', 'Java', 'Android', 'password'),
(33, 'Rowan Whitehorn', '', 30, 'BE', 'Male', 'Java', 'Android', 'password'),
(34, 'Aelin Ashryver', '', 28, 'BCA', 'Female', 'Java', 'Android', 'password'),
(35, 'Lorcan Salvatore', '', 32, 'MCA', 'Male', 'Java', 'Android', 'password'),
(36, 'Christian Ozera', '', 25, 'BE', 'Male', 'Tableau', 'Data Science', 'password'),
(37, 'Hideo Tanaka', '', 33, 'BE', 'Male', 'CSS', 'Web Development', 'password'),
(38, 'Shizuka Shukla', '', 29, 'BSc', 'Female', 'Python', 'Machine Learning', 'password'),
(39, 'Nobita Tzou', '', 26, 'BE', 'Male', 'Python', 'Machine Learning', 'password'),
(40, 'Dimitri Ivashkov', '', 31, 'BCA', 'Male', 'CSS', 'Web Development', 'password'),
(41, 'Rose Gilbert', '', 32, 'MCA', 'Female', 'Python', 'Machine Learning', 'password'),
(42, 'Adrian Hathaway', '', 32, 'B.Tech', 'Male', 'Tableau', 'Data Science', 'password'),
(43, 'Vasilia Dragomir', '', 29, 'BE', 'Female', 'Python', 'Machine Learning', 'password'),
(44, 'William Herondale', '', 25, 'BE', 'Male', 'Tableau', 'Data Science', 'password'),
(45, 'Jem Carstairs', '', 26, 'B.Tech', 'Male', 'Javascript', 'Web Development', 'password'),
(46, 'Carson Marcel', '', 25, 'B.Tech', 'Male', 'Javascript', 'Web Development', 'password'),
(47, 'Alma Dray', '', 26, 'BE', 'Female', 'Javascript', 'Web Development', 'password'),
(48, 'Tony Stark', '', 28, 'BE', 'Male', 'Javascript', 'Web Development', 'password'),
(49, 'Chris Thor', '', 26, 'B.Tech', 'Male', 'Javascript', 'Web Development', 'password'),
(50, 'Nick Carter', '', 31, 'BE', 'Male', 'Javascript', 'Web Development', 'password'),
(51, 'Klaus Mikaelson', '', 22, 'BE', 'Male', 'Python', 'Machine Learning', 'password'),
(52, 'Elijah Patinson', '', 21, 'BE', 'Male', 'Tableau', 'Data Science', 'password'),
(53, 'Robert Mikael', '', 21, 'B.Tech', 'Male', 'Python', 'Machine Learning', 'password'),
(54, 'Samuel Eto', '', 21, 'B.Tech', 'Male', 'Python', 'Machine Learning', 'password'),
(55, 'Hope Mikaelson', '', 22, 'BE', 'Female', 'Python', 'Machine Learning', 'password'),
(56, 'Lizzie Saltzman', '', 20, 'B.Tech', 'Female', 'Javascript', 'Web Development', 'password'),
(57, 'Tayler Lockwood', '', 22, 'MSc', 'Male', 'Java', 'Android', 'password'),
(58, 'Hermione Granger', '', 22, 'BE', 'Female', 'Java', 'Android', 'password'),
(59, 'Mesut Ozil', '', 21, 'BE', 'Male', 'Javascript', 'Android', 'password'),
(60, 'Marcel Gerrad', '', 22, 'B.Tech', 'Male', 'Java', 'Android', 'password'),
(61, 'Arcadius cade', '', 23, 'MSc', 'Male', 'R', 'Machine Learning', 'password'),
(62, 'Freya Milton', '', 22, 'BE', 'Female', 'Python', 'Machine Learning', 'password'),
(63, 'Daniel Ghillies', '', 22, 'BE', 'Male', 'R', 'Machine Learning', 'password'),
(64, 'Tony Cruize', '', 21, 'MSc', 'Male', 'R', 'Machine Learning', 'password'),
(65, 'Milton Camphell', '', 22, 'BE', 'Male', 'Python', 'Machine Learning', 'password'),
(66, 'Rose Russel', '', 21, 'BE', 'Female', 'R', 'Machine Learning', 'password'),
(67, 'Joseph Morgan', '', 22, 'BE', 'Male', 'R', 'Data Science', 'password'),
(68, 'Milkael Wisely', '', 23, 'M.Tech', 'Male', 'Python', 'Machine Learning', 'password'),
(69, 'Jenny Martinez', '', 22, 'B.Tech', 'Female', 'R', 'Machine Learning', 'password'),
(70, 'Hagrid Victor', '', 21, 'BE', 'Male', 'R', 'Machine Learning', 'password'),
(71, 'Stefan Salvatore', '', 23, 'BE', 'Male', 'Python', 'Data Science', 'password'),
(72, 'Alaric Saltzman', '', 21, 'BE', 'Male', 'R', 'Machine Learning', 'password'),
(73, 'Caroline Ane', '', 22, 'B. Tech', 'Female', 'R', 'Machine Learning', 'password'),
(74, 'Jeremy Gilbert', '', 23, 'B. Tech', 'Male', 'Python', 'Machine Learning', 'password'),
(75, 'Mike Tyson', '', 22, 'B. Tech', 'Male', 'Tableau', 'Machine Learning', 'password'),
(76, 'Jossie Saltzman', '', 21, 'B. Tech', 'Female', 'R', 'Machine Learning', 'password'),
(77, 'Colossel Andrew', '', 22, 'B. Tech', 'Female', 'Python', 'Machine Learning', 'password'),
(78, 'Ricki Mathew', '', 23, 'BE', 'Male', 'Javascript', 'Web Development', 'password'),
(79, 'Angelena Hardy', '', 22, 'B. Tech', 'Female', 'PHP', 'Web Development', 'password'),
(80, 'John Sean', '', 21, 'MSc', 'Male', 'CSS', 'Web Development', 'password'),
(81, 'Peter Milton', '', 20, 'BE', 'Male', 'PHP', 'Web Development', 'password'),
(82, 'Elena Gilbert', '', 23, 'BE', 'Female', 'Javascript', 'Web Development', 'password'),
(83, 'Jelena Jenson', '', 22, 'M. Tech', 'Female', 'CSS', 'Web Development', 'password'),
(84, 'Robert michlle', '', 21, 'MSc', 'Male', 'Javascript', 'Web Development', 'password'),
(85, 'Johnny depp', '', 23, 'BE', 'Male', 'PHP', 'Web Development', 'password'),
(86, 'Joshua Bridge', '', 22, 'M. Tech', 'Male', 'CSS', 'Web Development', 'password'),
(87, 'Alan kedre', '', 21, 'BE', 'Male', 'PHP', 'Web Development', 'password'),
(88, 'Kim john', '', 23, 'BE', 'Male', 'PHP', 'Web Development', 'password'),
(89, 'Lady Gaga', '', 22, 'B.Tech', 'Female', 'PHP', 'Web Development', 'password'),
(90, 'Sohpie Deveraux', '', 21, 'MSc', 'Female', 'R', 'Data Science', 'password'),
(91, 'Jane Ane', '', 22, 'BE', 'Female', 'R', 'Machine Learning', 'password'),
(92, 'Lisa Ann', '', 21, 'B.Tech', 'Female', 'R', 'Data Science', 'password'),
(93, 'Sean Smith', '', 23, 'MSc', 'Male', 'Python', 'Machine Learning', 'password'),
(94, 'Alena Mite', '', 21, 'BE', 'Female', 'Python', 'Machine Learning', 'password'),
(95, 'Mickey Fred', '', 23, 'BE', 'Male', 'Python', 'Data Science', 'password'),
(96, 'George Bush', '', 22, 'B.Tech', 'Male', 'Tableau', 'Machine Learning', 'password'),
(97, 'Keiran Lee', '', 21, 'MBA', 'Male', 'Tableau', 'Data Science', 'password'),
(98, 'Garry Frid', '', 20, 'BE', 'Male', 'R', 'Machine Learning', 'password'),
(99, 'Fred Martin', '', 21, 'BE', 'Male', 'Java', 'Android', 'password'),
(100, 'John Snow', '', 22, 'MBA', 'Male', 'Java', 'Android', 'password'),
(101, 'Alice White', '', 21, 'BE', 'Female', 'XML', 'Android', 'password'),
(102, 'Andriya Jossie', '', 22, 'BE', 'Female', 'Java', 'Android', 'password'),
(103, 'Danny D', '', 23, 'BE', 'Male', 'Java', 'Android', 'password'),
(104, 'Rose Lillie', '', 21, 'BE', 'Female', 'XML', 'Android', 'password'),
(105, 'Smith lauren', '', 22, 'B.Tech', 'Male', 'Java', 'Android', 'password'),
(106, 'Landon Kirby', '', 21, 'B.Tech', 'Male', 'MySQL', 'Android', 'password'),
(107, 'Penelope Smith', '', 22, 'BE', 'Female', 'Java', 'Android', 'password'),
(108, 'Angela Black', '', 23, 'BE', 'Female', 'HTML', 'Web Development', 'password'),
(109, 'Carry Minati', '', 22, 'B.Tech', 'Male', 'Java', 'Android', 'password'),
(110, 'Dynamo', '', 21, 'B.Tech', 'Male', 'Python', 'Machine Learning', 'password'),
(111, 'Mathew Hidden', '', 23, 'BE', 'Male', 'Tableau', 'Machine Learning', 'password'),
(112, 'Cindrella Rose', '', 21, 'BE', 'Female', 'Tableau', 'Data Science', 'password'),
(113, 'Albert Kingston', '', 23, 'M.Tech', 'Male', 'R', 'Data Science', 'password'),
(114, 'Bella Jensen', '', 21, 'B.Tech', 'Female', 'Python', 'Machine Learning', 'password'),
(115, 'Steven kriswart', '', 21, 'B.Tech', 'Female', 'Python', 'Machine Learning', 'password'),
(116, 'Jossie Smith', '', 23, 'BE', 'Female', 'R', 'Machine Learning', 'password'),
(117, 'Angela Lockwood', '', 22, 'BE', 'Female', 'R', 'Machine Learning', 'password'),
(118, 'Tina martin', '', 22, 'B.Tech', 'Female', 'Python', 'Machine Learning', 'password'),
(119, 'Lindey Lauren', '', 21, 'B.Tech', 'Female', 'Tableau', 'Machine Learning', 'password'),
(120, 'Warren Marshal', '', 24, 'BE', 'Male', 'Tableau', 'Data Science', 'password'),
(121, 'Hayley Marshall', '', 23, 'BE', 'Female', 'HTML', 'Web Development', 'password'),
(122, 'Rich Cardiv', '', 21, 'B.Tech', 'Male', 'MySQL', 'Web Development', 'password'),
(123, 'Jones Rick', '', 22, 'BE', 'Male', 'Javascript', 'Web Development', 'password'),
(124, 'Lena Paul', '', 23, 'BE', 'Female', 'PHP', 'Web Development', 'password'),
(125, 'Nick jones', '', 21, 'B.Tech', 'Male', 'R', 'Data Science', 'password'),
(126, 'Claire Holt', '', 24, 'B.Tech', 'Female', 'R', 'Machine Learning', 'password'),
(127, 'Emilia Clerk', '', 22, 'BE', 'Female', 'Java', 'Android', 'password'),
(128, 'Peter Parker', '', 21, 'BE', 'Male', 'MySQL', 'Android', 'password'),
(129, 'Chris Evans', '', 23, 'M.Tech', 'Male', 'XML', 'Android', 'password'),
(130, 'Steve Rojers', '', 21, 'B.Tech', 'Male', 'Python', 'Machine Learning', 'password'),
(131, 'Bruce Banner', '', 22, 'MSc', 'Male', 'HTML', 'Web Development', 'password'),
(132, 'Natasha Romenoff', '', 23, 'BE', 'Female', 'Javascript', 'Web Development', 'password'),
(133, 'Scarlett Johansson', '', 21, 'B.Tech', 'Female', 'Javascript', 'Web Development', 'password'),
(134, 'Sebastian Stan', '', 22, 'MSc', 'Male', 'Tableau', 'Machine Learning', 'password'),
(135, 'Peter Quell', '', 23, 'BE', 'Male', 'Python', 'Machine Learning', 'password'),
(136, 'Mark Refello', '', 21, 'BE', 'Male', 'PHP', 'Web Development', 'password'),
(137, 'Edwort Norton', '', 24, 'B.Tech', 'Male', 'Java', 'Android', 'password'),
(138, 'Laura Matthars', '', 25, 'MBA', 'Female', 'XML', 'Android', 'password'),
(139, 'Natalie Rushman', '', 21, 'BE', 'Female', 'R', 'Machine Learning', 'password'),
(140, 'Clint Borton', '', 24, 'BE', 'Male', 'Java', 'Android', 'password'),
(141, 'Jaremy Ranner', '', 23, 'MBA', 'Male', 'Tableau', 'Machine Learning', 'password'),
(142, 'Sam Wilson', '', 21, 'BE', 'Male', 'Python', 'Machine Learning', 'password'),
(143, 'Don Cheadol', '', 23, 'BE', 'Male', 'Python', 'Machine Learning', 'password'),
(144, 'James Rhodes', '', 24, 'BE', 'Male', 'R', 'Machine Learning', 'password'),
(145, 'Edwik Jarwis', '', 21, 'BE', 'Male', 'R', 'Data Science', 'password'),
(146, 'Terrace Howard', '', 22, 'B.Tech', 'Male', 'Python', 'Machine Learning', 'password'),
(147, 'Carl Bargess', '', 23, 'B.Tech', 'Male', 'Python', 'Machine Learning', 'password'),
(148, 'Robbie Reyes', '', 23, 'BE', 'Male', 'Python', 'Machine Learning', 'password'),
(149, 'Sam Makie', '', 21, 'BE', 'Male', 'Python', 'Machine Learning', 'password'),
(150, 'Scott Summers', '', 23, 'B.Tech', 'Male', 'Python', 'Data Science', 'password'),
(151, 'Cain Marko', '', 21, 'B.Tech', 'Male', 'Python', 'Data Science', 'password'),
(152, 'Merra Musat', '', 21, 'MSc', 'Female', 'R', 'Data Science', 'password'),
(153, 'Marina Jones', '', 22, 'BE', 'Female', 'Python', 'Machine Learning', 'password'),
(154, 'Andriya Russel', '', 23, 'B.Tech', 'Female', 'Javascript', 'Web Development', 'password'),
(155, 'Kim lockend', '', 21, 'MSc', 'Male', 'HTML', 'Web Development', 'password'),
(156, 'Emma Watson', '', 24, 'BE', 'Female', 'CSS', 'Web Development', 'password'),
(157, 'Ariena Smith', '', 25, 'BE', 'Female', 'CSS', 'Web Development', 'password'),
(158, 'Rebehaka Mikaelson', '', 21, 'B.Tech', 'Female', 'CSS', 'Web Development', 'password'),
(159, 'Smith will', '', 23, 'MBA', 'Male', 'HTML', 'Web Development', 'password'),
(160, 'Milton Caiera', '', 21, 'BE', 'Female', 'CSS', 'Web Development', 'password'),
(161, 'Ann hemdy', '', 21, 'BE', 'Female', 'Python', 'Machine Learning', 'password'),
(162, 'Cannidy Assen', '', 23, 'MBA', 'Female', 'Python', 'Machine Learning', 'password'),
(163, 'Ricky james', '', 21, 'BE', 'Male', 'Python', 'Machine Learning', 'password'),
(164, 'james potter', '', 24, 'BE', 'Male', 'Python', 'Machine Learning', 'password'),
(165, 'Lilly James', '', 22, 'BE', 'Female', 'Python ', 'Data Science', 'password'),
(166, 'Marina hammer', '', 23, 'BE', 'Female', 'Java', 'Android', 'password'),
(167, 'Paul walker', '', 22, 'B.Tech', 'Male', 'Java', 'Android', 'password'),
(168, 'Vin Scott', '', 24, 'B.Tech', 'Male', 'Java', 'Android', 'password'),
(169, 'Lauren rim', '', 22, 'BE', 'Male', 'XML', 'Android', 'password'),
(170, 'Dizzy Smith', '', 21, 'BE', 'Female', 'Java', 'Android', 'password'),
(171, 'vaibhav aasrey', '', 22, 'BE', 'male', 'Python', 'Machine Learning', 'password'),
(172, 'arshad khan', '', 21, 'BE', 'male', 'Python', 'Data Science', 'password'),
(173, 'sagar jawar', '', 24, 'B.Tech', 'male', 'Python', 'Machine Learning', 'password'),
(174, 'manali tawle', '', 25, 'B.Com', 'female', 'Python', 'Data Science', 'password'),
(175, 'sanjana khedkar', '', 23, 'B.Tech', 'female', 'Python', 'Machine Learning', 'password'),
(176, 'priya shukla', '', 21, 'BE', 'female', 'Python', 'Machine Learning', 'password'),
(177, 'aachal mishra', '', 22, 'BE', 'female', 'Python', 'Data Science', 'password'),
(178, 'ashna patil', '', 24, 'B.Com', 'female', 'Python', 'Machine Learning', 'password'),
(179, 'amol palekar', '', 26, 'B.Tech', 'male', 'Python', 'Machine Learning', 'password'),
(180, 'sharwari datta', '', 27, 'B.Tech', 'female', 'Python', 'Machine Learning', 'password'),
(181, 'rounak varma', '', 27, 'B.Com', 'male', 'Python', 'Data Science', 'password'),
(182, 'pranay ashtikar', '', 26, 'BE', 'male', 'R', 'Machine Learning', 'password'),
(183, 'narayan shukla', '', 28, 'BE', 'male', 'Python', 'Machine Learning', 'password'),
(184, 'devesh nankani', '', 24, 'B.Com', 'male', 'Python', 'Machine Learning', 'password'),
(185, 'harsh charate', '', 29, 'B.Tech', 'male', 'Python', 'Data Science', 'password'),
(186, 'nikhil dangre', '', 31, 'BE', 'male', 'Python', 'Machine Learning', 'password'),
(187, 'piyush dange', '', 23, 'BE', 'male', 'Python', 'Data Science', 'password'),
(188, 'shreya ramteke', '', 24, 'B.Com', 'female', 'Python', 'Machine Learning', 'password'),
(189, 'uttkarsh shingne', '', 32, 'B.Com', 'male', 'Python', 'Machine Learning', 'password'),
(190, 'prajwal kolhe', '', 29, 'B.Tech', 'male', 'Python', 'Data Science', 'password'),
(191, 'tanay piprewar', '', 27, 'BE', 'male', 'Python', 'Data Science', 'password'),
(192, 'swara verma', '', 26, 'BE', 'female', 'R', 'Machine Learning', 'password'),
(193, 'prithvi chandan', '', 25, 'B.Tech', 'male', 'Python', 'Machine Learning', 'password'),
(194, 'shubham durge', '', 23, 'B.Com', 'male', 'Python', 'Machine Learning', 'password'),
(195, 'saikrishna sawarkar', '', 21, 'B.Tech', 'male', 'Python', 'Data Science', 'password'),
(196, 'tarun vishwakarma', '', 22, 'BE', 'male', 'Python', 'Machine Learning', 'password'),
(197, 'manthan mehta', '', 21, 'BE', 'male', 'Javascript', 'Android', 'password'),
(198, 'kartik awankar', '', 26, 'B.Com', 'male', 'Python', 'Machine Learning', 'password'),
(199, 'shiavni meshram', '', 27, 'B.Tech', 'female', 'Python', 'Machine Learning', 'password'),
(200, 'aachal shende', '', 25, 'B.Tech', 'female', 'Python', 'Machine Learning', 'password'),
(201, 'tejaswini dongre', '', 28, 'B.Com', 'female', 'Python', 'Machine Learning', 'password'),
(202, 'supriya wargade', '', 29, 'BE', 'female', 'Python', 'Data Science', 'password'),
(203, 'shivani chaple', '', 25, 'BE', 'female', 'Python', 'Machine Learning', 'password'),
(204, 'aishwarya rao', '', 26, 'B.Com', 'female', 'Python', 'Machine Learning', 'password'),
(205, 'vaishnavi patel', '', 27, 'B.Tech', 'female', 'Python', 'Machine Learning', 'password'),
(206, 'ria telang', '', 28, 'BE', 'female', 'Python', 'Data Science', 'password'),
(207, 'rajas telang', '', 31, 'BE', 'male', 'Python', 'Machine Learning', 'password'),
(208, 'sanika pusdekar', '', 32, 'B.Com', 'female', 'Python', 'Data Science', 'password'),
(209, 'chaitrali wande', '', 24, 'B.Com', 'female', 'Python', 'Machine Learning', 'password'),
(210, 'sakshi potdar', '', 27, 'B.Tech', 'female', 'Python', 'Data Science', 'password'),
(211, 'samiksha shambarkar', '', 28, 'BE', 'female', 'R', 'Data Science', 'password'),
(212, 'aman sharma', '', 31, 'BE', 'male', 'Python', 'Data Science', 'password'),
(213, 'darshan shukla', '', 32, 'B.Com', 'male', 'Python', 'Machine Learning', 'password'),
(214, 'disha khobragade', '', 32, 'B.Tech', 'female', 'Python', 'Machine Learning', 'password'),
(215, 'toshit nashirkar', '', 31, 'BE', 'male', 'Python', 'Machine Learning', 'password'),
(216, 'piyush rahandale', '', 24, 'BE', 'male', 'Python', 'Data Science', 'password'),
(217, 'nishad temburne', '', 27, 'B.Com', 'male', 'Python', 'Machine Learning', 'password'),
(218, 'siddhart bhoyar', '', 25, 'B.Com', 'male', 'Python', 'Data Science', 'password'),
(219, 'dinesh varthe', '', 27, 'B.Tech', 'male', 'Python', 'Data Science', 'password'),
(220, 'pratyush lokhande', '', 26, 'BE', 'male', 'Python', 'Machine Learning', 'password'),
(221, 'sagar ramteke', '', 26, 'BE', 'male', 'Python', 'Machine Learning', 'password'),
(222, 'yash salve', '', 26, 'B.Tech', 'male', 'Python', 'Machine Learning', 'password'),
(223, 'yash pounikar', '', 27, 'B.Com', 'male', 'R', 'Data Science', 'password'),
(224, 'nishad nishane', '', 28, 'BE', 'male', 'Python', 'Machine Learning', 'password'),
(225, 'twikal sharma', '', 26, 'BE', 'female', 'Python', 'Data Science', 'password'),
(226, 'vinisha shende', '', 24, 'B.Tech', 'female', 'Python', 'Machine Learning', 'password'),
(227, 'shruti chandak', '', 24, 'B.Com', 'female', 'R', 'Machine Learning', 'password'),
(228, 'shruti naidu', '', 24, 'B.Tech', 'female', 'Python', 'Machine Learning', 'password'),
(229, 'shubham joshi', '', 25, 'BE', 'male', 'Python', 'Machine Learning', 'password'),
(230, 'sanket dangra', '', 23, 'BE', 'male', 'Python', 'Data Science', 'password'),
(231, 'devesh taksande', '', 21, 'B.Com', 'male', 'Python', 'Machine Learning', 'password'),
(232, 'sudesh meshram', '', 22, 'B.Tech', 'male', 'Python', 'Machine Learning', 'password'),
(233, 'dilisha yadav', '', 22, 'B.Tech', 'female', 'R', 'Machine Learning', 'password'),
(234, 'anjali kapse', '', 32, 'B.Com', 'female', 'Python', 'Machine Learning', 'password'),
(235, 'tejaswini alone', '', 25, 'BE', 'female', 'Python', 'Data Science', 'password'),
(236, 'ashana aachrekaer', '', 26, 'BE', 'female', 'Python', 'Machine Learning', 'password'),
(237, 'dilasha kapde', '', 27, 'B.Com', 'female', 'Python', 'Machine Learning', 'password'),
(238, 'sanket salve', '', 26, 'B.Tech', 'male', 'R', 'Machine Learning', 'password'),
(239, 'rohit kantiwar', '', 27, 'BE', 'male', 'Python', 'Machine Learning', 'password'),
(240, 'mayur varthe', '', 28, 'BE', 'male', 'Python', 'Data Science', 'password'),
(241, 'prajwal jangle', '', 24, 'B.Com', 'male', 'Python', 'Machine Learning', 'password'),
(242, 'pranali tayde', '', 24, 'B.Com', 'female', 'Python', 'Machine Learning', 'password'),
(243, 'sankalp gupta', '', 31, 'B.Tech', 'male', 'R', 'Machine Learning', 'password'),
(244, 'aishwarya mandpe', '', 24, 'BE', 'female', 'Python', 'Machine Learning', 'password'),
(245, 'rouneet singh', '', 25, 'BE', 'male', 'Python', 'Data Science', 'password'),
(246, 'mangesh jagnade', '', 26, 'B.Tech', 'male', 'Python', 'Machine Learning', 'password'),
(247, 'sandesh pahandale', '', 27, 'B.Com', 'male', 'R', 'Machine Learning', 'password'),
(248, 'sagar meshram', '', 23, 'B.Tech', 'male', 'Python', 'Machine Learning', 'password'),
(249, 'vashist singh', '', 24, 'BE', 'male', 'Python', 'Data Science', 'password'),
(250, 'amol judve', '', 21, 'BE', 'male', 'Python', 'Machine Learning', 'password'),
(251, 'abhi watkar', '', 23, 'B.Com', 'male', 'R', 'Machine Learning', 'password'),
(252, 'devesh patil', '', 27, 'B.Tech', 'male', 'Python', 'Machine Learning', 'password'),
(253, 'uttkarsha shukla', '', 28, 'B.Com', 'female', 'Python', 'Data Science', 'password'),
(254, 'vaishnavi ambagade', '', 29, 'B.Com', 'female', 'Python', 'Machine Learning', 'password'),
(255, 'apeksha mahajan', '', 26, 'B.Tech', 'female', 'Python', 'Machine Learning', 'password'),
(256, 'shruti alone', '', 29, 'BE', 'female', 'Python', 'Machine Learning', 'password'),
(257, 'mrunal fase', '', 25, 'BE', 'female', 'Python', 'Data Science', 'password'),
(258, 'akansha dumbare', '', 27, 'B.Com', 'female', 'Python', 'Machine Learning', 'password'),
(259, 'sumeet korde', '', 25, 'B.Tech', 'male', 'Python', 'Machine Learning', 'password'),
(260, 'rounak ujwane', '', 26, 'BE', 'male', 'R', 'Data Science', 'password'),
(261, 'shilpa khobragade', '', 25, 'BE', 'female', 'R', 'Data Science', 'password'),
(262, 'mrunali dhoke', '', 27, 'B.Com', 'female', 'R', 'Data Science', 'password'),
(263, 'dhanashri meashram', '', 28, 'B.Com', 'female', 'Python', 'Machine Learning', 'password'),
(264, 'vaidahi pahade', '', 26, 'B.Tech', 'female', 'Python', 'Machine Learning', 'password'),
(265, 'arpana patel', '', 23, 'BE', 'female', 'R', 'Data Science', 'password'),
(266, 'nikita bahel', '', 24, 'BE', 'female', 'R', 'Machine Learning', 'password'),
(267, 'parnita pathe', '', 24, 'B.Tech', 'female', 'R', 'Data Science', 'password'),
(268, 'sanskar parmar', '', 23, 'B.Com', 'male', 'R', 'Machine Learning', 'password'),
(269, 'vaibhav charate', '', 22, 'B.Com', 'male', 'R', 'Data Science', 'password'),
(270, 'bhushan wargade', '', 22, 'B.Tech', 'male', 'Python', 'Machine Learning', 'password'),
(271, 'aman joshi', '', 22, 'BE', 'male', 'Python', 'Machine Learning', 'password'),
(272, 'nayan nishane', '', 21, 'BE', 'female', 'R', 'Data Science', 'password'),
(273, 'prachi petkar', '', 21, 'B.Tech', 'female', 'Python', 'Machine Learning', 'password'),
(274, 'suraj kondke', '', 24, 'B.Com', 'male', 'R', 'Data Science', 'password'),
(275, 'sajan shende', '', 25, 'BE', 'male', 'Python', 'Data Science', 'password'),
(276, 'tejas parate', '', 21, 'BE', 'male', 'Python', 'Machine Learning', 'password'),
(277, 'prathmesh durge', '', 23, 'B.Tech', 'male', 'Python', 'Machine Learning', 'password'),
(278, 'siddhesh dixit', '', 24, 'B.Com', 'male', 'R', 'Machine Learning', 'password'),
(279, 'manthan devnani', '', 26, 'B.Tech', 'male', 'Python', 'Machine Learning', 'password'),
(280, 'Sasuke Tanaka', '', 22, 'B.Com', 'male', 'R', 'Data Science', 'password'),
(281, 'Neha Kakkar', '', 32, 'B.Com', 'female', 'Python', 'Machine Learning', 'password'),
(282, 'navin sharma', '', 21, 'B.Tech', 'male', 'Javascript', 'Web Development', 'password'),
(283, 'naina singh', '', 22, 'BE', 'female', 'HTML', 'Web Development', 'password'),
(284, 'ranbir bhatt', '', 24, 'BE', 'male', 'CSS', 'Web Development', 'password'),
(285, 'Alia kapoor', '', 25, 'B.Tech', 'female', 'Javascript', 'Web Development', 'password'),
(286, 'Aaiza Khan', '', 26, 'B.Com', 'female', 'HTML', 'Web Development', 'password'),
(287, 'Mehwish Khan', '', 26, 'BE', 'female', 'CSS', 'Web Development', 'password'),
(288, 'Zoya sheikh', '', 27, 'BE', 'female', 'HTML', 'Web Development', 'password'),
(289, 'Salman khan', '', 28, 'B.Tech', 'male', 'HTML', 'Web Development', 'password'),
(290, 'Dev sharma', '', 29, 'B.Com', 'male', 'PHP', 'Web Development', 'password'),
(291, 'Renee D\'sousa', '', 28, 'B.Tech', 'female', 'PHP', 'Web Development', 'password'),
(292, 'Angelina Jolie', '', 29, 'BE', 'female', 'MySQL', 'Web Development', 'password'),
(293, 'Camille Prior', '', 29, 'M.Tech', 'female', 'HTML', 'Web Development', 'password'),
(294, 'Beatrice Swan', '', 26, 'B.Tech', 'female', 'HTML', 'Web Development', 'password'),
(295, 'Hayley Cullen', '', 29, 'BE', 'female', 'HTML', 'Web Development', 'password'),
(296, 'Matt Donovan', '', 21, 'BE', 'male', 'PHP', 'Web Development', 'password'),
(297, 'Jackson Black', '', 22, 'B.Tech', 'male', 'Javascript', 'Web Development', 'password'),
(298, 'James Stathmore', '', 26, 'B.Com', 'male', 'HTML', 'Web Development', 'password'),
(299, 'Susan Fletcher', '', 27, 'BE', 'female', 'HTML', 'Web Development', 'password'),
(300, 'David Downey', '', 29, 'BE', 'male', 'PHP', 'Web Development', 'password'),
(301, 'Simon Walsh', '', 21, 'BE', 'Male', 'PHP', 'Web Development', 'password'),
(302, 'Jasmine Miller', '', 34, 'BCA', 'Female', 'HTML', 'Web Development', 'password'),
(303, 'Liam Brown', '', 46, 'MCA', 'Male', 'MySQL', 'Web Development', 'password'),
(304, 'Trevor Parr', '', 32, 'MCA', 'Male', 'HTML', 'Web Development', 'password'),
(305, 'Deirdre Pullman', '', 38, 'BE', 'Female', 'HTML', 'Web Development', 'password'),
(306, 'Ava Coleman', '', 30, 'B.Tech', 'Female', 'PHP', 'Web Development', 'password'),
(307, 'Dorothy Thomson', '', 34, 'MCA', 'Female', 'CSS', 'Web Development', 'password'),
(308, 'Lisa Knox', '', 48, 'BE', 'Female', 'CSS', 'Web Development', 'password'),
(309, 'Ruth Campbell', '', 33, 'BE', 'Female', 'HTML', 'Web Development', 'password'),
(310, 'Dominic Parr', '', 42, 'B.Tech', 'Male', 'HTML', 'Web Development', 'password'),
(311, 'Dominic Lewis', '', 40, 'BCA', 'Male', 'Javascript', 'Web Development', 'password'),
(312, 'Benjamin Grant', '', 39, 'BE', 'Male', 'Javascript', 'Web Development', 'password'),
(313, 'Ryan MacDonald', '', 24, 'BE', 'Male', 'Javascript', 'Web Development', 'password'),
(314, 'Thomas Lawrence', '', 46, 'BCA', 'Male', 'CSS', 'Web Development', 'password'),
(315, 'Madeleine Marshall', '', 36, 'BE', 'Female', 'HTML', 'Web Development', 'password'),
(316, 'Nicholas Newman', '', 42, 'BE', 'Male', 'HTML', 'Web Development', 'password'),
(317, 'Grace Hill', '', 31, 'BE', 'Female', 'CSS', 'Web Development', 'password'),
(318, 'Samantha Coleman', '', 42, 'M.Tech', 'Female', 'Javascript', 'Web Development', 'password'),
(319, 'William Ince', '', 40, 'B.Tech', 'Male', 'CSS', 'Web Development', 'password'),
(320, 'Audrey Jones', '', 46, 'BE', 'Female', 'CSS', 'Web Development', 'password'),
(321, 'Boris Johnston', '', 37, 'BE', 'Male', 'HTML', 'Web Development', 'password'),
(322, 'Jason Butler', '', 58, 'M. Tech', 'Male', 'HTML', 'Web Development', 'password'),
(323, 'Deirdre McDonald', '', 41, 'B. Tech', 'Female', 'HTML', 'Web Development', 'password'),
(324, 'Carl Quinn', '', 52, 'BCA', 'Male', 'Javascript', 'Web Development', 'password'),
(325, 'Jennifer Hughes', '', 38, 'BCA', 'Female', 'Javascript', 'Web Development', 'password'),
(326, 'Richard Fraser', '', 55, 'MBA', 'Male', 'PHP', 'Web Development', 'password'),
(327, 'Rachel McGrath', '', 37, 'M. Tech', 'Female', 'PHP', 'Web Development', 'password'),
(328, 'Alison Fisher', '', 33, 'BE', 'Female', 'CSS', 'Web Development', 'password'),
(329, 'Lucas Mackenzie', '', 50, 'B. Tech', 'Male', 'CSS', 'Web Development', 'password'),
(330, 'Luke Wilkins', '', 42, 'BCA', 'Male', 'CSS', 'Web Development', 'password'),
(331, 'Megan Bell', '', 25, 'BE', 'Female', 'HTML', 'Web Development', 'password'),
(332, 'Warren Edmunds', '', 30, 'BE', 'Male', 'Javascript', 'Web Development', 'password'),
(333, 'Grace Chapman', '', 58, 'M. Tech', 'Female', 'Javascript', 'Web Development', 'password'),
(334, 'Jake Wilson', '', 26, 'BCA', 'Male', 'Javascript', 'Web Development', 'password'),
(335, 'Karen Dyer', '', 34, 'BE', 'Female', 'HTML', 'Web Development', 'password'),
(336, 'Yvonne Thomson', '', 36, 'M. Tech', 'Female', 'HTML', 'Web Development', 'password'),
(337, 'Sophie Gill', '', 33, 'BE', 'Female', 'HTML', 'Web Development', 'password'),
(338, 'Robert Cornish', '', 31, 'BE', 'Male', 'HTML', 'Web Development', 'password'),
(339, 'Luke Martin', '', 35, 'B.Tech', 'Male', 'Javascript', 'Web Development', 'password'),
(340, 'Gavin Pullman', '', 59, 'BE', 'Male', 'HTML', 'Web Development', 'password'),
(341, 'Edward Terry', '', 27, 'BE', 'Male', 'PHP', 'Web Development', 'password'),
(342, 'Diane Black', '', 35, 'B.Tech', 'Female', 'Javascript', 'Web Development', 'password'),
(343, 'Jake Morgan', '', 49, 'BE', 'Male', 'PHP', 'Web Development', 'password'),
(344, 'Yvonne Churchill', '', 22, 'BE', 'Female', 'CSS', 'Web Development', 'password'),
(345, 'Dorothy Johnston', '', 53, 'BE', 'Female', 'CSS', 'Web Development', 'password'),
(346, 'Lisa Berry', '', 47, 'B.Tech', 'Female', 'HTML', 'Web Development', 'password'),
(347, 'Leah Nolan', '', 32, 'BE', 'Female', 'Javascript', 'Web Development', 'password'),
(348, 'Carolyn Lewis', '', 19, 'BE', 'Female', 'PHP', 'Web Development', 'password'),
(349, 'Simon Ball', '', 27, 'BE', 'Male', 'CSS', 'Web Development', 'password'),
(350, 'Charles Nolan', '', 39, 'BE', 'Male', 'PHP', 'Web Development', 'password'),
(351, 'Sophie Wilkins', '', 29, 'BE', 'Female', 'CSS', 'Web Development', 'password'),
(352, 'Kimberly James', '', 31, 'BE', 'Female', 'PHP', 'Web Development', 'password'),
(353, 'Madeleine Ellison', '', 37, 'BE', 'Female', 'PHP', 'Web Development', 'password'),
(354, 'Irene MacLeod', '', 32, 'M.Tech', 'Female', 'Javascript', 'Web Development', 'password'),
(355, 'Cameron Taylor', '', 24, 'B.Tech', 'Male', 'Javascript', 'Web Development', 'password'),
(356, 'Liam Gibson', '', 40, 'BE', 'Male', 'CSS', 'Web Development', 'password'),
(357, 'Donna Knox', '', 33, 'BE', 'Female', 'HTML', 'Web Development', 'password'),
(358, 'Piers Morgan', '', 44, 'M. Tech', 'Male', 'HTML', 'Web Development', 'password'),
(359, 'Phil Randall', '', 39, 'B. Tech', 'Male', 'Javascript', 'Web Development', 'password'),
(360, 'Ryan White', '', 47, 'MBA', 'Male', 'PHP', 'Web Development', 'password'),
(361, 'Kylie Howard', '', 35, 'MBA', 'Female', 'MySQL', 'Web Development', 'password'),
(362, 'Fiona Bell', '', 47, 'MBA', 'Female', 'MySQL', 'Web Development', 'password'),
(363, 'Kevin Gibson', '', 47, 'M. Tech', 'Male', 'HTML', 'Web Development', 'password'),
(364, 'Bernadette Gibson', '', 39, 'BE', 'Female', 'CSS', 'Web Development', 'password'),
(365, 'Maria Hughes', '', 50, 'BE', 'Female', 'HTML', 'Web Development', 'password'),
(366, 'Piers Burgess', '', 43, 'B.Tech', 'Male', 'CSS', 'Web Development', 'password'),
(367, 'Dan Ellison', '', 47, 'MBA', 'Male', 'Javascript', 'Web Development', 'password'),
(368, 'Lucas Piper', '', 61, 'BE', 'Male', 'CSS', 'Web Development', 'password'),
(369, 'Jason Sharp', '', 53, 'B.Tech', 'Male', 'PHP', 'Web Development', 'password'),
(370, 'Kevin Parr', '', 45, 'MBA', 'Male', 'CSS', 'Web Development', 'password'),
(371, 'Dan Mills', '', 49, 'BE', 'Male', 'MySQL', 'Web Development', 'password'),
(372, 'Angela Roberts', '', 51, 'BE', 'Female', 'Javascript', 'Web Development', 'password'),
(373, 'Hannah White', '', 36, 'B.Tech', 'Female', 'HTML', 'Web Development', 'password'),
(374, 'Oliver Simpson', '', 45, 'MBA', 'Male', 'CSS', 'Web Development', 'password'),
(375, 'Olivia Dowd', '', 30, 'BE', 'Female', 'PHP', 'Web Development', 'password'),
(376, 'Michael Hemmings', '', 44, 'BE', 'Male', 'CSS', 'Web Development', 'password'),
(377, 'Frank Brown', '', 38, 'MBA', 'Male', 'PHP', 'Web Development', 'password'),
(378, 'Diane Simpson', '', 36, 'BE', 'Female', 'Javascript', 'Web Development', 'password'),
(379, 'Ruth Mathis', '', 23, 'BE', 'Female', 'MySQL', 'Web Development', 'password'),
(380, 'David Peters', '', 34, 'BE', 'Male', 'PHP', 'Web Development', 'password'),
(381, 'Joan Buckland', '', 36, 'M.Tech', 'Female', 'HTML', 'Web Development', 'password'),
(382, 'Neil Robertson', '', 20, 'B.Tech', 'Male', 'Javascript', 'Web Development', 'password'),
(383, 'Paul Mackay', '', 31, 'BE', 'Male', 'HTML', 'Web Development', 'password'),
(384, 'Dylan Fraser', '', 42, 'BE', 'Male', 'PHP', 'Web Development', 'password'),
(385, 'Pippa Buckland', '', 38, 'M. Tech', 'Female', 'Javascript', 'Web Development', 'password'),
(386, 'Matt McGrath', '', 39, 'B. Tech', 'Male', 'PHP', 'Web Development', 'password'),
(387, 'Jack White', '', 41, 'MBA', 'Male', 'MySQL', 'Web Development', 'password'),
(388, 'Jasmine Piper', '', 24, 'MBA', 'Female', 'CSS', 'Web Development', 'password'),
(389, 'Michelle Ellison', '', 24, 'MBA', 'Female', 'MySQL', 'Web Development', 'password'),
(390, 'Wanda Henderson', '', 35, 'M. Tech', 'Female', 'PHP', 'Web Development', 'password'),
(391, 'Blake Reid', '', 35, 'BE', 'Male', 'Javascript', 'Web Development', 'password'),
(392, 'Jane Forsyth', '', 26, 'B. Tech', 'Female', 'Javascript', 'Web Development', 'password'),
(393, 'Dan Peake', '', 23, 'M.Tech', 'Male', 'Javascript', 'Web Development', 'password'),
(394, 'Lisa Davies', '', 38, 'BE', 'Female', 'HTML', 'Web Development', 'password'),
(395, 'Rebecca Knox', '', 30, 'BE', 'Female', 'PHP', 'Web Development', 'password'),
(396, 'Joshua Slater', '', 28, 'M. Tech', 'Male', 'Javascript', 'Web Development', 'password'),
(397, 'Heather Wallace', '', 38, 'M.Tech', 'Female', 'CSS', 'Web Development', 'password'),
(398, 'Maria Johnston', '', 36, 'BE', 'Female', 'HTML', 'Web Development', 'password'),
(399, 'Robert May', '', 40, 'M. Tech', 'Male', 'Javascript', 'Web Development', 'password'),
(400, 'Carolyn Robertson', '', 56, 'BE', 'Female', 'PHP', 'Web Development', 'password'),
(401, 'Stewart Lewis', '', 51, 'BE', 'Male', 'Javascript', 'Web Development', 'password'),
(402, 'Emma Piper', '', 44, 'B.Tech', 'Female', 'MySQL', 'Web Development', 'password'),
(403, 'Nicola Powell', '', 55, 'M.Tech', 'Female', 'MySQL', 'Web Development', 'password'),
(404, 'Diana McDonald', '', 57, 'BE', 'Female', 'Javascript', 'Web Development', 'password'),
(405, 'Stephen Ross', '', 48, 'B.Tech', 'Male', 'HTML', 'Web Development', 'password'),
(406, 'Ella Bond', '', 54, 'M.Tech', 'Female', 'CSS', 'Web Development', 'password'),
(407, 'Ian Wilson', '', 36, 'BE', 'Male', 'PHP', 'Web Development', 'password'),
(408, 'Piers Quinn', '', 48, 'BE', 'Male', 'PHP', 'Web Development', 'password'),
(409, 'Joe Forsyth', '', 63, 'B.Tech', 'Male', 'Javascript', 'Web Development', 'password'),
(410, 'Tim Jones', '', 63, 'MSc', 'Male', 'Java', 'Android', 'password'),
(411, 'Sonia Robertson', '', 25, 'BE', 'Female', 'Java', 'Android', 'password'),
(412, 'Nathan Paterson', '', 26, 'BE', 'Male', 'MySQL', 'Android', 'password'),
(413, 'Tim Hardacre', '', 29, 'MSc', 'Male', 'Java', 'Android', 'password'),
(414, 'Fiona Mills', '', 18, 'BE', 'Female', 'Java', 'Android', 'password'),
(415, 'Ruth Oliver', '', 43, 'BE', 'Female', 'Java', 'Android', 'password'),
(416, 'Alison Johnston', '', 36, 'B.Tech', 'Female', 'MySQL', 'Android', 'password'),
(417, 'Amy McGrath', '', 40, 'MSc', 'Female', 'MySQL', 'Android', 'password'),
(418, 'Adam McGrath', '', 52, 'BE', 'Male', 'MySQL', 'Android', 'password'),
(419, 'Vanessa Lyman', '', 18, 'BE', 'Female', 'Java', 'Android', 'password'),
(420, 'Andrea Dickens', '', 31, 'MSc', 'Female', 'Java', 'Android', 'password'),
(421, 'Ian Slater', '', 37, 'BE', 'Male', 'Java', 'Android', 'password'),
(422, 'Jacob Payne', '', 25, 'BE', 'Male', 'MySQL', 'Android', 'password'),
(423, 'Harry Short', '', 50, 'B.Tech', 'Male', 'Java', 'Android', 'password'),
(424, 'John Black', '', 39, 'MSc', 'Male', 'MySQL', 'Android', 'password'),
(425, 'Jonathan MacDonald', '', 27, 'BE', 'Male', 'Java', 'Android', 'password'),
(426, 'Benjamin Blake', '', 42, 'B.Tech', 'Male', 'MySQL', 'Android', 'password'),
(427, 'Emma Fraser', '', 27, 'MSc', 'Female', 'MySQL', 'Android', 'password'),
(428, 'Virginia Berry', '', 41, 'BE', 'Female', 'MySQL', 'Android', 'password'),
(429, 'Peter Pullman', '', 47, 'BE', 'Male', 'MySQL', 'Android', 'password'),
(430, 'Alison MacLeod', '', 27, 'B.Tech', 'Female', 'Java', 'Android', 'password'),
(431, 'Anna Wright', '', 41, 'MSc', 'Female', 'Java', 'Android', 'password'),
(432, 'James Marshall', '', 20, 'BE', 'Male', 'Java', 'Android', 'password'),
(433, 'Ruth Bower', '', 38, 'BE', 'Female', 'Java', 'Android', 'password'),
(434, 'Owen Powell', '', 34, 'MSc', 'Male', 'Java', 'Android', 'password'),
(435, 'Piers King', '', 42, 'BE', 'Male', 'MySQL', 'Android', 'password'),
(436, 'Christopher Mackenzie', '', 26, 'BE', 'Male', 'Java', 'Android', 'password'),
(437, 'Sarah Wallace', '', 43, 'B.Tech', 'Female', 'MySQL', 'Android', 'password'),
(438, 'Richard Hemmings', '', 37, 'MCA', 'Male', 'Java', 'Android', 'password'),
(439, 'Nicola Rampling', '', 40, 'BE', 'Female', 'Java', 'Android', 'password'),
(440, 'Keith Harris', '', 57, 'B.Tech', 'Male', 'Javascript', 'Android', 'password'),
(441, 'Angela Wright', '', 45, 'MCA', 'Female', 'Java', 'Android', 'password'),
(442, 'Sam Russell', '', 23, 'BE', 'Male', 'Javascript', 'Android', 'password'),
(443, 'Luke Ball', '', 45, 'MCA', 'Male', 'Java', 'Android', 'password'),
(444, 'Sean Bell', '', 26, 'BE', 'Male', 'Java', 'Android', 'password'),
(445, 'Steven Ball', '', 37, 'BE', 'Male', 'Javascript', 'Android', 'password'),
(446, 'Andrew Gray', '', 41, 'B.Tech', 'Male', 'Java', 'Android', 'password'),
(447, 'Jacob Metcalfe', '', 33, 'MCA', 'Male', 'Java', 'Android', 'password'),
(448, 'Madeleine Ogden', '', 37, 'BE', 'Female', 'Javascript', 'Android', 'password'),
(449, 'Dylan Davies', '', 33, 'B.Tech', 'Male', 'Javascript', 'Android', 'password'),
(450, 'Michelle Lee', '', 29, 'MCA', 'Female', 'Javascript', 'Android', 'password'),
(451, 'Connor Grant', '', 33, 'BE', 'Male', 'Java', 'Android', 'password'),
(452, 'Justin Metcalfe', '', 32, 'MCA', 'Male', 'Javascript', 'Android', 'password'),
(453, 'Elizabeth Oliver', '', 36, 'BE', 'Female', 'Javascript', 'Android', 'password'),
(454, 'Kevin Powell', '', 46, 'BE', 'Male', 'Java', 'Android', 'password'),
(455, 'Tim Arnold', '', 33, 'B.Tech', 'Male', 'Java', 'Android', 'password'),
(456, 'Charles Roberts', '', 24, 'BSc', 'Male', 'Javascript', 'Android', 'password'),
(457, 'Anthony Cornish', '', 32, 'BE', 'Male', 'Java', 'Android', 'password'),
(458, 'Michael Powell', '', 26, 'B.Tech', 'Male', 'Javascript', 'Android', 'password'),
(459, 'Lucas Lawrence', '', 30, 'BSc', 'Male', 'Java', 'Android', 'password'),
(460, 'Alexander Walker', '', 38, 'BE', 'Male', 'Java', 'Android', 'password'),
(461, 'Diana Powell', '', 42, 'BSc', 'Female', 'Javascript', 'Android', 'password'),
(462, 'Emma Peters', '', 36, 'BE', 'Female', 'Java', 'Android', 'password'),
(463, 'Amanda Morgan', '', 39, 'BE', 'Female', 'Java', 'Android', 'password'),
(464, 'Claire Walsh', '', 59, 'B.Tech', 'Female', 'Javascript', 'Android', 'password'),
(465, 'Paul Harris', '', 52, 'BSc', 'Male', 'Javascript', 'Android', 'password'),
(466, 'William Mitchell', '', 51, 'BE', 'Male', 'Java', 'Android', 'password'),
(467, 'Aaban Gadekar', '', 20, 'BSc', 'male', 'Java', 'Android', 'password'),
(468, 'Aabha Rangoonwala', '', 23, 'BE', 'female', 'Javascript', 'Android', 'password'),
(469, 'Aabid samuel', '', 24, 'BSc', 'male', 'Javascript', 'Android', 'password'),
(470, 'Aabriella kagazwala', '', 19, 'BE', 'female', 'Java', 'Android', 'password'),
(471, 'Aada Ratnam', '', 24, 'BE', 'female', 'Javascript', 'Android', 'password'),
(472, 'Aadam Punwatkar', '', 21, 'BSc', 'male', 'Javascript', 'Android', 'password'),
(473, 'Aadan Sheik', '', 20, 'MBA', 'male', 'Java', 'Android', 'password'),
(474, 'Aadarsh Khan', '', 23, 'BSc', 'male', 'Tableau', 'Machine Learning', 'password'),
(475, 'Aaden Kapoor', '', 21, 'BSc', 'male', 'Python', 'Machine Learning', 'password'),
(476, 'Aadesh Thomas', '', 20, 'BSc', 'male', 'Python', 'Data Science', 'password'),
(477, 'Aadhav Sarode', '', 23, 'BSc', 'male', 'R', 'Machine Learning', 'password'),
(478, 'Aadhavan corner', '', 24, 'BSc', 'male', 'Tableau', 'Data Science', 'password'),
(479, 'Aadhi Mashal', '', 19, 'BE', 'male', 'R', 'Machine Learning', 'password'),
(480, 'Aadhira Raina', '', 21, 'BSc', 'female', 'Python', 'Data Science', 'password'),
(481, 'Kasiyah Rao', '', 20, 'BE', 'female', 'Tableau', 'Machine Learning', 'password'),
(482, 'Kaslyn Dante', '', 23, 'M.Tech', 'female', 'Python', 'Machine Learning', 'password'),
(483, 'Kaslynn Shewalkar', '', 24, 'MBA', 'female', 'Tableau', 'Data Science', 'password'),
(484, 'Kasmer Kumar', '', 19, 'BE', 'male', 'Tableau', 'Machine Learning', 'password'),
(485, 'Kasmin Padole', '', 25, 'BE', 'female', 'R', 'Data Science', 'password'),
(486, 'Kasmine Belsare', '', 22, 'BE', 'female', 'Tableau', 'Data Science', 'password'),
(487, 'Kasmir Naik', '', 21, 'BSc', 'male', 'R', 'Machine Learning', 'password'),
(488, 'Kasmira Sajji', '', 20, 'Msc', 'female', 'Python', 'Machine Learning', 'password'),
(489, 'Kason Gupta', '', 23, 'BSc', 'male', 'R', 'Machine Learning', 'password'),
(490, 'Kasondra Datre', '', 24, 'BCA', 'female', 'Tableau', 'Data Science', 'password'),
(491, 'Kasonya Pandey', '', 19, 'Msc', 'female', 'Python', 'Machine Learning', 'password'),
(492, 'Kaspar Thomas', '', 24, 'BCA', 'male', 'R', 'Data Science', 'password'),
(493, 'Kasper Patre', '', 21, 'BSc', 'male', 'R', 'Machine Learning', 'password'),
(494, 'Kaspian Jale', '', 20, 'M.Tech', 'male', 'Python', 'Machine Learning', 'password'),
(495, 'Kasra Jha', '', 23, 'BE', 'male', 'Python', 'Data Science', 'password'),
(496, 'Kass Bhandare', '', 22, 'MSc', 'male', 'Python', 'Machine Learning', 'password'),
(497, 'Roony More', '', 21, 'BE', 'male', 'Python', 'Data Science', 'password'),
(498, 'Roopa Papade', '', 20, 'BSc', 'female', 'R', 'Machine Learning', 'password'),
(499, 'Roopal Tole', '', 23, 'BSc', 'female', 'Tableau', 'Data Science', 'password'),
(500, 'Rooseve Bhole', '', 24, 'BSc', 'male', 'R', 'Machine Learning', 'password'),
(501, 'Roosevelt Sole', '', 19, 'BSc', 'male', 'Python', 'Data Science', 'password'),
(502, 'Roosvelt Prasad', '', 21, 'M.Tech', 'male', 'Python', 'Data Science', 'password'),
(503, 'Roozbeh Joshi', '', 20, 'BSc', 'male', 'Python', 'Machine Learning', 'password'),
(504, 'Rope mahajan', '', 23, 'MSc', 'male', 'Tableau', 'Machine Learning', 'password'),
(505, 'Roper savarkar', '', 24, 'MSc', 'male', 'Python', 'Data Science', 'password'),
(506, 'Roqaya Dhabhade', '', 19, 'BE', 'female', 'R', 'Data Science', 'password'),
(507, 'Roquan Kelkar', '', 25, 'BSc', 'male', 'Tableau', 'Data Science', 'password'),
(508, 'Roque Deshpande', '', 22, 'M.Tech', 'male', 'R', 'Machine Learning', 'password'),
(509, 'Roquel patil', '', 21, 'BSc', 'female', 'Python', 'Data Science', 'password'),
(510, 'Roran khandekar', '', 20, 'BA', 'male', 'R', 'Machine Learning', 'password'),
(511, 'Roree Kamteke', '', 23, 'BE', 'female', 'Python', 'Machine Learning', 'password'),
(512, 'Rorey Vasnik', '', 24, 'M.Tech', 'male', 'Python', 'Data Science', 'password'),
(513, 'Rori gajbheye', '', 19, 'MBA', 'female', 'Tableau', 'Machine Learning', 'password'),
(514, 'Roric bavankule', '', 24, 'BSc', 'male', 'R', 'Data Science', 'password'),
(515, 'Tressa Knetkar', '', 21, 'BSc', 'female', 'Tableau', 'Data Science', 'password'),
(516, 'Tressel Gade', '', 20, 'BE', 'male', 'R', 'Machine Learning', 'password'),
(517, 'Tressia Luthara', '', 23, 'BE', 'female', 'Python', 'Machine Learning', 'password'),
(518, 'Tressie Ghode', '', 19, 'MBA', 'female', 'R', 'Machine Learning', 'password'),
(519, 'Tressy waghmare', '', 24, 'BSc', 'female', 'Python', 'Data Science', 'password'),
(520, 'Tresta lanjewar', '', 21, 'BE', 'female', 'Python', 'Data Science', 'password'),
(521, 'Trestan pawankar', '', 20, 'BSc', 'male', 'Python', 'Machine Learning', 'password'),
(522, 'Tresten Paul', '', 23, 'BE', 'male', 'Tableau', 'Data Science', 'password'),
(523, 'Trestin Dhoke', '', 22, 'BE', 'male', 'R', 'Data Science', 'password'),
(524, 'Treston Iyer', '', 21, 'BA', 'male', 'Python', 'Machine Learning', 'password'),
(525, 'Trestyn Meshram', '', 20, 'BE', 'male', 'R', 'Machine Learning', 'password'),
(526, 'Tresure Bhaiya', '', 23, 'BE', 'female', 'R', 'Data Science', 'password'),
(527, 'Tresvon kale', '', 24, 'BE', 'male', 'R', 'Machine Learning', 'password'),
(528, 'Tretha Thakre', '', 19, 'BA', 'female', 'Python', 'Machine Learning', 'password'),
(529, 'Treton chawre', '', 21, 'BSc', 'male', 'Tableau', 'Data Science', 'password'),
(530, 'Trev Gavande', '', 20, 'MBA', 'male', 'Tableau', 'Data Science', 'password'),
(531, 'Treva Bobade', '', 23, 'BE', 'female', 'R', 'Machine Learning', 'password'),
(532, 'Zyrell bole', '', 24, 'BA', 'male', 'Python', 'Machine Learning', 'password'),
(533, 'Zyren Uieke', '', 19, 'BA', 'male', 'Python', 'Machine Learning', 'password'),
(534, 'Zyreon shawn', '', 25, 'BSc', 'male', 'Tableau', 'Data Science', 'password'),
(535, 'Zyrese wadalkar', '', 22, 'LLB', 'male', 'R', 'Data Science', 'password'),
(536, 'Zyrhiana Vitonde', '', 21, 'BA', 'female', 'R', 'Machine Learning', 'password'),
(537, 'Zyri Sakhre', '', 20, 'BSc', 'female', 'Python', 'Machine Learning', 'password'),
(538, 'Zyria Bhisikar', '', 23, 'BSc', 'female', 'Tableau', 'Data Science', 'password'),
(539, 'Zyriah Nandedkar', '', 24, 'LLB', 'female', 'Tableau', 'Data Science', 'password'),
(540, 'Zyrian Jadiye', '', 19, 'BSc', 'male', 'R', 'Data Science', 'password'),
(541, 'Zyriana Sonar', '', 24, 'BSc', 'female', 'Python', 'Machine Learning', 'password'),
(542, 'Zyrianna Dahiwadkar', '', 21, 'BSc', 'female', 'Tableau', 'Machine Learning', 'password'),
(543, 'Zyrie Sholey', '', 20, 'BE', 'female', 'R', 'Data Science', 'password'),
(544, 'Zyriel Gadhikar', '', 19, 'BE', 'female', 'R', 'Machine Learning', 'password'),
(545, 'Zyrielle Gadkari', '', 24, 'BA', 'female', 'Python', 'Machine Learning', 'password'),
(546, 'Zyrihanna Sainakar', '', 21, 'MBBS', 'female', 'Tableau', 'Data Science', 'password'),
(547, 'Zyrin Shridishvkar', '', 20, 'MBBS', 'male', 'Python', 'Data Science', 'password'),
(548, 'Zyrion sayyed', '', 23, 'BSc', 'male', 'R', 'Data Science', 'password'),
(549, 'Zyriyah Gabhane', '', 22, 'BSc', 'female', 'Python', 'R', 'password'),
(550, 'Zyron Sudame', '', 21, 'BE', 'male', 'Tableau', 'Data Science', 'password'),
(551, 'Zyrus Sayyed', '', 20, 'BA', 'male', 'R', 'Machine Learning', 'password'),
(552, 'Zysean Deshbratar', '', 23, 'BSc', 'male', 'Tableau', 'Data Science', 'password'),
(553, 'Zyshaun Upadyay', '', 24, 'BE', 'male', 'Python', 'R', 'password'),
(554, 'Zyshawn Chirst', '', 19, 'BE', 'male', 'Python', 'Machine Learning', 'password'),
(555, 'Leaysia Ukey', '', 21, 'LLB', 'female', 'Python', 'Machine Learning', 'password'),
(556, 'Leba Kale', '', 20, 'BA', 'female', 'R', 'Data Science', 'password'),
(557, 'Lebaron natural ', '', 23, 'BA', 'male', 'Tableau', 'Data Science', 'password'),
(558, 'Lebarron Sore', '', 24, 'BSc', 'male', 'R', 'Data Science', 'password'),
(559, 'Lebern Dhoke', '', 19, 'BE', 'male', 'Python', 'Machine Learning', 'password'),
(560, 'Lebert Jha', '', 25, 'BA', 'male', 'R', 'Machine Learning', 'password'),
(561, 'Leberta Khan', '', 22, 'MBA', 'female', 'Python', 'Data Science', 'password'),
(562, 'Lebrandon Dhapke', '', 21, 'MBA', 'male', 'R', 'Data Science', 'password'),
(563, 'Lebrea Kamikar', '', 20, 'MSc', 'female', 'R', 'Machine Learning', 'password'),
(564, 'Lebria Wazarkar', '', 23, 'BE', 'female', 'Python', 'Machine Learning', 'password'),
(565, 'Lebron Jhunghare', '', 24, 'BE', 'male', 'Python', 'Data Science', 'password'),
(566, 'Lebrone Shewatkar', '', 19, 'BA', 'male', 'Tableau', 'Machine Learning', 'password'),
(567, 'Leburn Chopre', '', 24, 'BSc', 'male', 'R', 'Data Science', 'password'),
(568, 'Leca Rana', '', 21, 'BSc', 'female', 'Python', 'Machine Learning', 'password'),
(569, 'Lecedric Kulkarni', '', 20, 'MCA', 'male', 'Machine learing', 'Data Science', 'password'),
(570, 'Lecester natural ', '', 19, 'BA', 'male', 'Python', 'Machine Learning', 'password'),
(571, 'Nanaakua Nomani', '', 24, 'MCA', 'female', 'R', 'Data Science', 'password'),
(572, 'Nanaama Rusia', '', 21, 'MBBS', 'female', 'Python', 'Machine Learning', 'password'),
(573, 'Nanakwame Wadyalkar', '', 23, 'MBA', 'male', 'R', 'Machine Learning', 'password'),
(574, 'Arshad Sayyed', 'arshadnet.as@gmail.com', 22, 'B.E.', 'male', 'Python', 'Machine Learning', 'arshad'),
(575, 'Vaibhav Dongre', 'vaibhav@gmail.com', 21, 'MBA', 'M', 'Java', 'Android', 'vaibhav@123'),
(576, 'Sagar Hadke', 'sagarhadke@gmail.com', 22, 'B.E.', 'male', 'Java', 'Android', 'sagar@123'),
(577, 'Abdul Shadaab', 'abdulshadaab@gmail.com', 21, 'BSc', 'M', 'CSS', 'Web Development', 'abdul@123'),
(578, 'Vaishnavi Gadhikar', 'vaishnavi@gmail.com', 21, 'B.E.', 'female', 'JavaScript', 'Web Development', 'vaishnavi@123'),
(579, 'Asma sheikh', 'sheikhasma0607@gmail.com', 21, 'B.E.', 'female', 'Python', 'Machine Learning', 'asma@123'),
(580, 'Jerin Mathew', 'jerin@gmail.com', 22, 'B.E.', 'male', 'Java', 'Android', 'jerrin@123'),
(581, 'Sara Taj', 'sara@gmail.com', 25, 'BE', 'female', 'ReactNative', 'Web Development', 'sara'),
(582, 'Siddharth Jain', 'sid@infocepts.com', 20, 'BE', 'male', 'ReactNative', 'Web Development', 'sid'),
(584, 'Alma Irene', 'almeer_fav@dev.com', 22, 'BSc', 'F', 'JavaScript', 'Machine Learning', 'alma@123'),
(585, 'vaibhav dongre', 'vaibhav1@gmail.com', 22, 'BE', 'M', 'Python', 'Machine Learning', 'vaibhav2123'),
(586, 'Nishad Durge', 'nishad@gmail.com', 21, 'BSc', 'F', 'Python', 'Machine Learning', 'Nishad@123'),
(587, 'Chirag Nagrecha', 'chirag@gmail', 22, 'BSc', 'M', 'Javascript', 'Web Development', 'Chirag@123'),
(588, 'Zahid Sayyed', 'nnnj.comm@gyg.com', 20, 'BCA', 'M', 'Java', 'Android', 'Zahid@123');

-- --------------------------------------------------------

--
-- Table structure for table `trainer`
--

CREATE TABLE `trainer` (
  `t_id` int(11) NOT NULL,
  `t_name` text NOT NULL,
  `t_gender` text NOT NULL,
  `t_email` varchar(255) NOT NULL,
  `t_qualification` text NOT NULL,
  `industry_ex` text NOT NULL,
  `teaching_ex` text NOT NULL,
  `domain_kno` text NOT NULL,
  `password` varchar(255) NOT NULL
) ENGINE=InnoDB DEFAULT CHARSET=latin1;

--
-- Dumping data for table `trainer`
--

INSERT INTO `trainer` (`t_id`, `t_name`, `t_gender`, `t_email`, `t_qualification`, `industry_ex`, `teaching_ex`, `domain_kno`, `password`) VALUES
(1, 'vaibhav dongre', 'm', 'vaibhav@gmail.com', 'BE', '0', '1', 'Android', 'Vaibhav@123'),
(2, 'arshad sayyed', 'm', 'arshad@gmail.com', 'MSC', '2', '2', 'Machine Learning', 'Arshad@123'),
(3, 'sagar hadke', 'm', '', 'MBA', '1', '3', 'Web Devlopment', ''),
(4, 'shadab abdul', 'm', '', 'PHD', '1.5', '2', 'Data Science', ''),
(5, 'asma sheikh', 'f', 'itscoolasma@gmail.com', 'MA', '2', '1', 'Machine Learning', 'Asma@123'),
(6, 'sara taj', 'f', '', 'BSC', '5', '3', 'Android', ''),
(7, 'vaishnavi gadikar', 'f', '', 'BE', '1', '2', 'Web Devlopment', ''),
(8, 'sagar kodarlikar', 'm', '', 'PHD', '3', '0', 'Data Science', ''),
(9, 'sankalp watkar', 'm', '', 'MBA', '3.5', '1', 'Machine Learning', ''),
(10, 'ravi shastri', 'm', '', 'BE', '2', '0', 'Android', ''),
(11, 'roni verma', 'm', '', 'MSC', '4', '1.5', 'Web Devlopment', ''),
(12, 'vishal tiwari', 'm', '', 'MBA', '5', '2', 'Data Science', ''),
(13, 'vikas bowate', 'm', '', 'PHD', '1', '3', 'Machine Learning', ''),
(14, 'shabana sheikh', 'f', '', 'MA', '1.5', '2', 'Android', ''),
(15, 'manali patki', 'f', '', 'BSC', '2', '5', 'Machine Learning', ''),
(16, 'pooja walke', 'f', '', 'BE', '5', '2', 'Web Devlopment', ''),
(17, 'preeti golar', 'f', '', 'PHD', '1', '4', 'Android', ''),
(18, 'neha singh', 'f', '', 'MBA', '3', '7', 'Data Science', ''),
(19, 'hemlata sahu', 'f', '', 'BE', '3.5', '5', 'Machine Learning', ''),
(20, 'manoj bramhe', 'm', '', 'MS', '2', '3', 'Web Devlopment', ''),
(21, 'Daemon Black', 'M', 'daemon@dev.com', 'MBA', '1.5', '2.5', 'Web Development', 'Daemon@123');

-- --------------------------------------------------------

--
-- Table structure for table `trainer_course`
--

CREATE TABLE `trainer_course` (
  `t_id` int(255) NOT NULL,
  `c_id` int(255) NOT NULL
) ENGINE=InnoDB DEFAULT CHARSET=latin1;

--
-- Dumping data for table `trainer_course`
--

INSERT INTO `trainer_course` (`t_id`, `c_id`) VALUES
(1, 28),
(1, 29),
(1, 30),
(1, 31),
(2, 60),
(2, 61),
(2, 38),
(2, 39),
(3, 54),
(3, 55),
(3, 56),
(3, 57),
(4, 47),
(4, 49),
(4, 50),
(4, 42),
(4, 43),
(5, 7),
(5, 9),
(5, 13),
(5, 16),
(6, 31),
(6, 32),
(6, 33),
(6, 34),
(7, 55),
(7, 56),
(7, 57),
(8, 20),
(8, 21),
(8, 22),
(8, 14),
(8, 15),
(9, 23),
(9, 24),
(9, 25),
(9, 13),
(10, 51),
(10, 52),
(10, 53),
(10, 32),
(11, 10),
(11, 11),
(11, 12),
(11, 56),
(11, 57),
(12, 37),
(12, 47),
(12, 50),
(12, 49),
(12, 21),
(13, 23),
(13, 24),
(13, 25),
(14, 72),
(14, 73),
(14, 64),
(14, 53),
(15, 44),
(15, 46),
(15, 25),
(15, 13),
(15, 16),
(16, 4),
(16, 5),
(16, 11),
(16, 12),
(17, 31),
(17, 32),
(17, 33),
(17, 34),
(17, 35),
(18, 19),
(18, 20),
(18, 21),
(18, 22),
(19, 7),
(19, 9),
(19, 13),
(19, 16),
(19, 23),
(19, 24),
(20, 68),
(20, 69),
(20, 70),
(20, 71);

--
-- Indexes for dumped tables
--

--
-- Indexes for table `courses`
--
ALTER TABLE `courses`
  ADD UNIQUE KEY `c_id` (`c_id`);

--
-- Indexes for table `register`
--
ALTER TABLE `register`
  ADD UNIQUE KEY `id` (`u_id`);

--
-- Indexes for table `trainer`
--
ALTER TABLE `trainer`
  ADD PRIMARY KEY (`t_id`);

--
-- AUTO_INCREMENT for dumped tables
--

--
-- AUTO_INCREMENT for table `register`
--
ALTER TABLE `register`
  MODIFY `u_id` int(11) NOT NULL AUTO_INCREMENT, AUTO_INCREMENT=589;

--
-- AUTO_INCREMENT for table `trainer`
--
ALTER TABLE `trainer`
  MODIFY `t_id` int(11) NOT NULL AUTO_INCREMENT, AUTO_INCREMENT=22;
COMMIT;

/*!40101 SET CHARACTER_SET_CLIENT=@OLD_CHARACTER_SET_CLIENT */;
/*!40101 SET CHARACTER_SET_RESULTS=@OLD_CHARACTER_SET_RESULTS */;
/*!40101 SET COLLATION_CONNECTION=@OLD_COLLATION_CONNECTION */;
